10,10,10,10,10,10,10,10,10,10,10,10,10,10,10,10,10,10,10,10,10,10,10,10,10,10,10,10,10,10,10,10,10,10,10,10,10,10,10,10,10,10,10,10,10,10,10,10,10,10,10,10,10,10,10,10,10,10,10,10,10,10,10,10,10,10,10,10,10,10,10,10,10,10,10,10,10,10,10,10,10,10,10,10,10,10,10,10,10,10,10,10,10,10,10,10,10,10,10,10
20,15.0078,13.039,12.1172,11.616,11.31,11.1066,10.963,10.857,10.776,10.7126,10.6619,10.6208,10.5869,10.5588,10.5351,10.5151,10.498,10.4833,10.4707,10.4597,10.4501,10.4416,10.4341,10.4275,10.4215,10.4161,10.4112,10.4066,10.4024,10.3984,10.3945,10.3909,10.3873,10.3837,10.3801,10.3766,10.3729,10.3692,10.3654,10.3614,10.3573,10.353,10.3485,10.3438,10.3389,10.3337,10.3283,10.3225,10.3165,10.3102,10.3036,10.2966,10.2893,10.2816,10.2736,10.2652,10.2564,10.2472,10.2375,10.2274,10.2169,10.2058,10.1943,10.1823,10.1697,10.1566,10.1429,10.1285,10.1135,10.0978,10.0813,10.0641,10.0459,10.0269,10.0068,9.98554,9.96307,9.93921,9.91379,9.8866,9.85737,9.82579,9.79145,9.75384,9.7123,9.66597,9.61368,9.55386,9.4843,9.4018,9.30156,9.17607,9.01286,8.7898,8.46395,7.94282,7.00102,5.01225,0
20,16.9921,15.0311,13.8138,13.0368,12.5173,12.1535,11.8885,11.6889,11.5345,11.4125,11.3144,11.2343,11.1682,11.113,11.0666,11.0272,10.9935,10.9646,10.9396,10.9179,10.8989,10.8822,10.8675,10.8543,10.8425,10.8318,10.822,10.8129,10.8045,10.7966,10.789,10.7816,10.7745,10.7674,10.7603,10.7532,10.746,10.7385,10.7309,10.723,10.7148,10.7062,10.6973,10.6879,10.678,10.6677,10.6568,10.6454,10.6333,10.6207,10.6075,10.5936,10.579,10.5636,10.5476,10.5308,10.5132,10.4947,10.4754,10.4553,10.4342,10.4122,10.3892,10.3651,10.34,10.3138,10.2864,10.2577,10.2277,10.1963,10.1635,10.129,10.0928,10.0547,10.0146,9.97232,9.92753,9.87999,9.82936,9.77523,9.7171,9.65433,9.58617,9.51161,9.4294,9.33788,9.23489,9.11747,8.98154,8.82133,8.62837,8.38985,8.08558,7.68238,7.12319,6.30632,5.04901,3.04799,0
20,17.9295,16.2796,15.0701,14.2,13.5688,13.1017,12.7485,12.4755,12.2606,12.0885,11.9487,11.8339,11.7385,11.6585,11.591,11.5335,11.4843,11.442,11.4054,11.3735,11.3456,11.321,11.2992,11.2798,11.2623,11.2465,11.232,11.2186,11.2062,11.1944,11.1831,11.1722,11.1616,11.1511,11.1405,11.1299,11.1192,11.1081,11.0967,11.0849,11.0726,11.0598,11.0464,11.0324,11.0176,11.0022,10.9859,10.9688,10.9508,10.9319,10.912,10.8912,10.8693,10.8464,10.8223,10.7972,10.7708,10.7432,10.7143,10.6841,10.6525,10.6195,10.585,10.549,10.5114,10.4721,10.4311,10.3882,10.3433,10.2964,10.2472,10.1956,10.1415,10.0847,10.0248,9.96158,9.89474,9.82386,9.74843,9.66787,9.58145,9.48829,9.38728,9.27704,9.15579,9.02129,8.87053,8.69958,8.50307,8.27361,8.00074,7.66937,7.25724,6.73095,6.04011,5.11027,3.8407,2.13069,0
20,18.4463,17.0878,15.9868,15.1246,14.456,13.9362,13.5282,13.2042,12.9438,12.7322,12.5583,12.414,12.2933,12.1916,12.1053,12.0316,11.9683,11.9137,11.8664,11.825,11.7888,11.7569,11.7286,11.7033,11.6805,11.6599,11.641,11.6235,11.6071,11.5917,11.5769,11.5626,11.5486,11.5347,11.5209,11.5069,11.4926,11.478,11.4629,11.4473,11.431,11.414,11.3963,11.3776,11.358,11.3374,11.3158,11.2931,11.2691,11.244,11.2176,11.1899,11.1608,11.1302,11.0983,11.0647,11.0296,10.9929,10.9544,10.9142,10.8722,10.8283,10.7825,10.7346,10.6845,10.6323,10.5777,10.5206,10.461,10.3986,10.3333,10.2648,10.193,10.1176,10.0382,9.95448,9.86602,9.77227,9.67264,9.56636,9.45255,9.33009,9.19763,9.05346,8.89547,8.72093,8.52637,8.30725,8.05757,7.7693,7.43161,7.02965,6.54305,5.94408,5.19603,4.25393,3.07284,1.63406,0
20,18.7679,17.6385,16.6648,15.8554,15.1946,14.6587,14.2238,13.8693,13.5784,13.3381,13.1381,12.9705,12.8292,12.7093,12.607,12.5193,12.4437,12.3782,12.3213,12.2715,12.2278,12.1892,12.1549,12.1242,12.0966,12.0715,12.0485,12.0272,12.0072,11.9883,11.9702,11.9527,11.9355,11.9184,11.9013,11.8841,11.8665,11.8484,11.8297,11.8103,11.7901,11.769,11.7469,11.7238,11.6994,11.6738,11.6468,11.6185,11.5887,11.5574,11.5245,11.4899,11.4537,11.4156,11.3757,11.3339,11.2901,11.2443,11.1963,11.1462,11.0938,11.0391,10.9819,10.9222,10.8599,10.7948,10.7268,10.6557,10.5814,10.5038,10.4225,10.3374,10.2482,10.1545,10.0559,9.95216,9.84256,9.72659,9.60349,9.47241,9.3323,9.1819,9.01967,8.84372,8.65167,8.44061,8.20678,7.94549,7.65064,7.31444,6.92675,6.47456,5.94124,5.3063,4.54599,3.63661,2.56266,1.33272,0
20,18.9868,18.0333,17.1786,16.4375,15.8084,15.2803,14.8391,14.4707,14.1624,13.9037,13.6855,13.5008,13.3436,13.2094,13.0941,12.9948,12.9089,12.8342,12.769,12.712,12.6617,12.6172,12.5776,12.5422,12.5102,12.481,12.4543,12.4295,12.4062,12.3842,12.363,12.3424,12.3222,12.3022,12.282,12.2616,12.2408,12.2194,12.1972,12.1742,12.1502,12.1251,12.0987,12.0711,12.042,12.0114,11.9793,11.9454,11.9099,11.8724,11.8331,11.7917,11.7483,11.7028,11.6551,11.605,11.5526,11.4978,11.4404,11.3805,11.3178,11.2523,11.1839,11.1125,11.038,10.9601,10.8789,10.794,10.7053,10.6126,10.5156,10.4141,10.3078,10.1962,10.079,9.95561,9.82552,9.68802,9.54233,9.38748,9.22235,9.04555,8.85546,8.65006,8.42693,8.18303,7.91468,7.61726,7.28508,6.91104,6.48642,6.00059,5.44107,4.79387,4.04504,3.18384,2.20847,1.13416,0
20,19.146,18.3295,17.5785,16.9078,16.3212,15.8149,15.3815,15.0119,14.697,14.4287,14.1996,14.0035,13.8352,13.6904,13.5653,13.457,13.3628,13.2806,13.2088,13.1456,13.0898,13.0404,12.9963,12.9567,12.9209,12.8882,12.8582,12.8303,12.8041,12.7792,12.7552,12.7318,12.7088,12.686,12.6629,12.6396,12.6157,12.5911,12.5656,12.5391,12.5113,12.4823,12.4519,12.4199,12.3862,12.3507,12.3134,12.2742,12.2328,12.1893,12.1436,12.0956,12.0451,11.9922,11.9367,11.8785,11.8176,11.7539,11.6872,11.6175,11.5446,11.4685,11.389,11.306,11.2194,11.129,11.0346,10.9361,10.8332,10.7257,10.6133,10.4957,10.3726,10.2436,10.1082,9.9658,9.81587,9.65767,9.49033,9.31285,9.12404,8.92251,8.70655,8.47417,8.22293,7.94992,7.65163,7.32382,6.96138,6.55824,6.10727,5.60034,5.02856,4.38308,3.65647,2.84523,1.95322,0.995467,0
20,19.2676,18.5603,17.8982,17.2941,16.7536,16.2768,15.8601,15.4983,15.1851,14.9144,14.6806,14.4784,14.3034,14.1517,14.0198,13.9049,13.8047,13.7169,13.6398,13.5718,13.5117,13.4582,13.4104,13.3674,13.3284,13.2928,13.26,13.2294,13.2006,13.1732,13.1467,13.1209,13.0954,13.0699,13.0442,13.0181,12.9913,12.9637,12.935,12.9051,12.8738,12.841,12.8066,12.7703,12.7321,12.6919,12.6495,12.6049,12.558,12.5085,12.4565,12.4019,12.3445,12.2842,12.2211,12.1548,12.0855,12.0129,11.937,11.8576,11.7746,11.688,11.5975,11.5031,11.4046,11.3018,11.1945,11.0825,10.9657,10.8436,10.7161,10.5829,10.4434,10.2974,10.1443,9.98355,9.81453,9.63646,9.44848,9.24955,9.03849,8.81388,8.57408,8.31712,8.0407,7.7421,7.41813,7.065,6.67838,6.25326,5.7841,5.26492,4.68977,4.05341,3.35254,2.58738,1.76372,0.894485,0
20,19.3641,18.7458,18.1599,17.6168,17.1223,16.6784,16.284,15.936,15.6306,15.3634,15.1299,14.9262,14.7484,14.5931,14.4573,14.3384,14.2341,14.1424,14.0616,13.9902,13.9268,13.8703,13.8197,13.7741,13.7326,13.6947,13.6596,13.6268,13.5958,13.5663,13.5376,13.5096,13.4819,13.4541,13.426,13.3973,13.3679,13.3374,13.3056,13.2725,13.2378,13.2014,13.163,13.1227,13.0801,13.0352,12.9879,12.9381,12.8855,12.8303,12.7721,12.7109,12.6466,12.5792,12.5084,12.4343,12.3566,12.2753,12.1902,12.1013,12.0084,11.9114,11.8101,11.7044,11.5941,11.4791,11.3591,11.2339,11.1033,10.9671,10.8248,10.6762,10.5208,10.3583,10.1881,10.0096,9.82223,9.62518,9.41757,9.1984,8.96648,8.72047,8.45876,8.17954,7.88066,7.55968,7.21376,6.83969,6.43387,5.99235,5.51095,4.98549,4.41218,3.78828,3.11288,2.38804,1.61978,0.81876,0
20,19.4431,18.899,18.3787,17.8907,17.4405,17.0306,16.6613,16.3313,16.038,15.7785,15.5496,15.3481,15.1708,15.0149,14.8778,14.7572,14.6509,14.5571,14.4741,14.4006,14.3351,14.2766,14.224,14.1765,14.1333,14.0936,14.0568,14.0224,13.9897,13.9584,13.928,13.8981,13.8684,13.8386,13.8083,13.7773,13.7454,13.7123,13.6777,13.6416,13.6036,13.5637,13.5216,13.4772,13.4304,13.381,13.3289,13.2739,13.216,13.1549,13.0907,13.0231,12.9521,12.8775,12.7992,12.7172,12.6313,12.5414,12.4473,12.349,12.2463,12.139,12.027,11.9102,11.7884,11.6613,11.5289,11.3907,11.2467,11.0965,10.9398,10.7762,10.6054,10.4268,10.2401,10.0446,9.83962,9.62445,9.39824,9.15999,8.9086,8.64274,8.36099,8.06162,7.74275,7.40219,7.03755,6.64614,6.22508,5.77132,5.28186,4.75389,4.1852,3.57463,2.92268,2.23213,1.5086,0.760774,0
20,19.5094,19.0283,18.5652,18.127,17.7184,17.3423,16.9995,16.6897,16.4115,16.1631,15.942,15.7457,15.5718,15.418,15.282,15.1617,15.0552,14.9609,14.8773,14.8028,14.7364,14.6769,14.6233,14.5748,14.5305,14.4897,14.4518,14.4161,14.3822,14.3496,14.3178,14.2865,14.2551,14.2236,14.1914,14.1584,14.1242,14.0886,14.0514,14.0124,13.9714,13.9281,13.8825,13.8343,13.7833,13.7295,13.6727,13.6127,13.5495,13.4828,13.4126,13.3387,13.261,13.1795,13.0938,13.0041,12.9101,12.8117,12.7087,12.6011,12.4887,12.3713,12.2489,12.1211,11.9879,11.8491,11.7043,11.5535,11.3963,11.2325,11.0616,10.8835,10.6977,10.5037,10.3009,10.089,9.8672,9.6348,9.39095,9.13476,8.86515,8.58096,8.28081,7.96323,7.6265,7.26882,6.88811,6.48225,6.04896,5.58601,5.09128,4.56302,4.0001,3.40238,2.77108,2.10919,1.42172,0.715738,0
20,19.5661,19.1395,18.7268,18.3336,17.9639,17.6205,17.3046,17.0165,16.7554,16.5203,16.3094,16.1209,15.9529,15.8033,15.6704,15.5523,15.4474,15.3542,15.2712,15.1971,15.1309,15.0713,15.0176,14.9688,14.9242,14.8829,14.8445,14.8081,14.7735,14.74,14.7072,14.6747,14.6422,14.6091,14.5754,14.5405,14.5044,14.4666,14.427,14.3853,14.3414,14.295,14.2459,14.194,14.1391,14.0811,14.0197,13.9548,13.8864,13.8142,13.7382,13.6581,13.5739,13.4855,13.3926,13.2953,13.1933,13.0865,12.9748,12.858,12.7361,12.6088,12.476,12.3375,12.1931,12.0426,11.8859,11.7226,11.5526,11.3754,11.1909,10.9986,10.7981,10.5891,10.371,10.1433,9.90542,9.65657,9.39604,9.12294,8.83634,8.53511,8.2181,7.88395,7.53126,7.15844,6.76386,6.34578,5.90253,5.43248,4.93424,4.40681,3.84981,3.2637,2.65007,2.01183,1.35337,0.680453,0
20,19.6156,19.2369,18.869,18.5167,18.1832,17.8712,17.582,17.3161,17.0735,16.8533,16.6545,16.4757,16.3154,16.172,16.044,15.9298,15.828,15.7372,15.6561,15.5836,15.5186,15.46,15.407,15.3588,15.3144,15.2734,15.235,15.1986,15.1636,15.1297,15.0964,15.0631,15.0296,14.9955,14.9604,14.924,14.8861,14.8464,14.8046,14.7605,14.7139,14.6645,14.6122,14.5568,14.4981,14.436,14.3702,14.3006,14.2271,14.1496,14.0678,13.9817,13.8911,13.7959,13.6959,13.5911,13.4812,13.3663,13.2459,13.1202,12.9889,12.8518,12.7088,12.5597,12.4044,12.2426,12.074,11.8986,11.7159,11.5258,11.3278,11.1218,10.9072,10.6837,10.4508,10.2079,9.95456,9.69006,9.41368,9.12467,8.82211,8.50509,8.17251,7.82327,7.45614,7.06985,6.66307,6.23452,5.7829,5.30715,4.80639,4.28019,3.72863,3.15255,2.55366,1.9347,1.29946,0.652713,0
20,19.6594,19.3232,18.9958,18.6808,18.3811,18.0991,17.836,17.5926,17.369,17.1649,16.9796,16.812,16.661,16.5253,16.4037,16.2949,16.1975,16.1104,16.0325,15.9626,15.8998,15.8431,15.7917,15.7447,15.7015,15.6613,15.6235,15.5875,15.5528,15.5189,15.4854,15.4518,15.4177,15.3828,15.3467,15.3091,15.2698,15.2283,15.1846,15.1382,15.0891,15.037,14.9817,14.9229,14.8606,14.7945,14.7245,14.6503,14.5719,14.4891,14.4018,14.3098,14.2129,14.1111,14.0042,13.892,13.7744,13.6513,13.5226,13.388,13.2474,13.1007,12.9478,12.7883,12.6222,12.4492,12.2691,12.0817,11.8868,11.6839,11.473,11.2535,11.0252,10.7877,10.5404,10.283,10.0149,9.73541,9.44402,9.13993,8.82241,8.49059,8.14361,7.78047,7.4002,7.00175,6.58411,6.14629,5.68744,5.20681,4.704,4.17891,3.63198,3.0642,2.47733,1.87385,1.25706,0.630936,0
20,19.6987,19.4009,19.1102,18.8296,18.5615,18.3079,18.0702,17.8492,17.6451,17.4579,17.287,17.1317,16.9913,16.8647,16.7507,16.6485,16.5568,16.4746,16.4008,16.3346,16.2749,16.221,16.1719,16.127,16.0855,16.0467,16.0101,15.9752,15.9412,15.9078,15.8745,15.841,15.8067,15.7713,15.7346,15.6961,15.6555,15.6126,15.5671,15.5188,15.4674,15.4128,15.3545,15.2927,15.2268,15.157,15.0828,15.0043,14.9212,14.8333,14.7405,14.6427,14.5397,14.4314,14.3177,14.1983,14.0731,13.9421,13.805,13.6618,13.5121,13.356,13.1932,13.0236,12.8468,12.6629,12.4715,12.2725,12.0655,11.8503,11.6266,11.3941,11.1525,10.9014,10.6403,10.3688,10.0865,9.79276,9.48701,9.16866,8.83699,8.49132,8.13085,7.75484,7.36243,6.95286,6.52531,6.07914,5.61372,5.12869,4.62388,4.09951,3.55616,2.99497,2.4176,1.82633,1.224,0.613974,0
20,19.7343,19.4716,19.2145,18.9658,18.7273,18.501,18.2879,18.0889,17.9044,17.7344,17.5787,17.4367,17.3078,17.1912,17.0861,16.9915,16.9066,16.8302,16.7617,16.7,16.6444,16.594,16.548,16.5058,16.4668,16.4301,16.3953,16.3617,16.329,16.2966,16.264,16.2309,16.1968,16.1613,16.1242,16.085,16.0436,15.9995,15.9526,15.9025,15.8491,15.792,15.7312,15.6663,15.5972,15.5237,15.4457,15.3629,15.2752,15.1823,15.0843,14.9809,14.8719,14.7573,14.6368,14.5103,14.3778,14.2389,14.0937,13.9419,13.7834,13.618,13.4455,13.2658,13.0788,12.8841,12.6817,12.4711,12.2524,12.0251,11.7891,11.5439,11.2894,11.025,10.7506,10.4656,10.1696,9.8621,9.54267,9.21068,8.86562,8.50682,8.1337,7.74558,7.34187,6.92191,6.4852,6.03121,5.55966,5.07034,4.56335,4.03906,3.4982,2.94191,2.37178,1.78986,1.19863,0.600962,0
20,19.7671,19.5365,19.3106,19.0916,18.8811,18.6807,18.4914,18.3141,18.1492,17.9967,17.8566,17.7286,17.612,17.5064,17.411,17.325,17.2477,17.1782,17.1157,17.0594,17.0086,16.9625,16.9204,16.8817,16.8456,16.8116,16.7791,16.7476,16.7166,16.6856,16.6541,16.6218,16.5882,16.553,16.5158,16.4763,16.4342,16.3893,16.3411,16.2895,16.2343,16.1751,16.1118,16.0442,15.972,15.8952,15.8133,15.7264,15.6343,15.5367,15.4335,15.3246,15.2098,15.089,14.9619,14.8286,14.6887,14.5422,14.389,14.2288,14.0615,13.887,13.7051,13.5156,13.3183,13.1132,12.8998,12.6781,12.4479,12.2088,11.9606,11.7031,11.436,11.1589,10.8714,10.5733,10.2641,9.94346,9.61084,9.26585,8.90795,8.53669,8.15152,7.75197,7.33752,6.90778,6.46232,6.0009,5.52334,5.02968,4.52012,3.9952,3.45568,2.9027,2.33776,1.7627,1.1797,0.591246,0
20,19.7974,19.5967,19.4,19.2088,19.0248,18.8492,18.6831,18.527,18.3815,18.2466,18.1225,18.0089,17.9053,17.8114,17.7265,17.6499,17.581,17.5191,17.4635,17.4134,17.3682,17.3271,17.2895,17.2548,17.2224,17.1916,17.162,17.133,17.1042,17.075,17.0451,17.0139,16.9813,16.9467,16.9098,16.8703,16.8279,16.7822,16.7332,16.6803,16.6235,16.5624,16.4969,16.4267,16.3516,16.2715,16.1861,16.0953,15.9988,15.8966,15.7885,15.6742,15.5538,15.4269,15.2934,15.1533,15.0063,14.8523,14.6912,14.5228,14.3469,14.1635,13.9723,13.7731,13.5659,13.3504,13.1264,12.8937,12.6522,12.4015,12.1416,11.872,11.5926,11.303,11.003,10.6921,10.3702,10.0367,9.69146,9.3339,8.96372,8.58046,8.18377,7.77322,7.34853,6.90933,6.45545,5.98671,5.50315,5.00489,4.4923,3.96593,3.42662,2.87546,2.31386,1.74347,1.16625,0.584317,0
20,19.8257,19.6531,19.4837,19.3189,19.1601,19.0084,18.8646,18.7293,18.603,18.4859,18.378,18.2791,18.1891,18.1074,18.0335,17.9671,17.9074,17.8538,17.8058,17.7626,17.7236,17.6882,17.6557,17.6257,17.5975,17.5705,17.5443,17.5183,17.4921,17.4652,17.4372,17.4077,17.3763,17.3427,17.3064,17.2672,17.2247,17.1788,17.1289,17.0751,17.0169,16.9542,16.8866,16.8141,16.7363,16.6531,16.5643,16.4698,16.3692,16.2626,16.1496,16.0302,15.9041,15.7714,15.6317,15.4849,15.3309,15.1696,15.0007,14.8243,14.64,14.4477,14.2474,14.0388,13.8217,13.5961,13.3616,13.1182,12.8656,12.6037,12.3321,12.0508,11.7593,11.4576,11.1453,10.8221,10.4877,10.1419,9.78433,9.41465,9.03253,8.63771,8.22984,7.8087,7.374,6.92562,6.46341,5.98739,5.49765,4.99447,4.47824,3.94961,3.4094,2.85868,2.29874,1.7311,1.15748,0.57978,0
20,19.8524,19.7063,19.5627,19.4231,19.2884,19.1597,19.0376,18.9227,18.8154,18.716,18.6244,18.5406,18.4644,18.3954,18.3333,18.2775,18.2276,18.183,18.1432,18.1075,18.0754,18.0463,18.0196,17.9948,17.9714,17.9487,17.9264,17.9039,17.8808,17.8566,17.831,17.8034,17.7737,17.7413,17.706,17.6673,17.6252,17.5791,17.5289,17.4742,17.4149,17.3507,17.2814,17.2066,17.1264,17.0403,16.9484,16.8502,16.7458,16.6348,16.5172,16.3927,16.2614,16.1228,15.977,15.8237,15.6629,15.4944,15.318,15.1336,14.941,14.7401,14.5308,14.3129,14.0862,13.8506,13.6059,13.3519,13.0885,12.8154,12.5326,12.2396,11.9365,11.6228,11.2985,10.9632,10.6168,10.2589,9.88934,9.5078,9.11411,8.70798,8.28925,7.85769,7.41322,6.95572,6.48522,6.00178,5.50563,4.99707,4.47661,3.94487,3.40271,2.85112,2.29133,1.72471,1.15281,0.577317,0
20,19.8778,19.7567,19.6379,19.5223,19.4108,19.3043,19.2033,19.1085,19.02,18.9382,18.8631,18.7946,18.7325,18.6767,18.6267,18.5821,18.5426,18.5075,18.4765,18.4489,18.4242,18.402,18.3816,18.3626,18.3444,18.3266,18.3086,18.2901,18.2705,18.2495,18.2265,18.2014,18.1736,18.1429,18.1088,18.0711,18.0295,17.9836,17.9332,17.8781,17.8179,17.7525,17.6815,17.6049,17.5223,17.4336,17.3386,17.237,17.1288,17.0137,16.8916,16.7624,16.6257,16.4816,16.3298,16.1702,16.0027,15.8271,15.6433,15.4511,15.2504,15.041,14.8229,14.5958,14.3596,14.1142,13.8594,13.5951,13.321,13.0371,12.743,12.4388,12.1241,11.7988,11.4627,11.1156,10.7573,10.3876,10.0063,9.61319,9.2081,8.79092,8.36145,7.91966,7.46544,6.99886,6.51995,6.02892,5.526,5.01161,4.48624,3.95059,3.40544,2.85179,2.29074,1.7236,1.15174,0.576679,0
20,19.902,19.805,19.7098,19.6173,19.5283,19.4433,19.363,19.2878,19.218,19.1537,19.0951,19.0421,18.9945,18.9521,18.9147,18.8818,18.8531,18.828,18.8063,18.7874,18.7707,18.7559,18.7423,18.7296,18.7172,18.7046,18.6915,18.6773,18.6617,18.6442,18.6245,18.602,18.5766,18.5478,18.5154,18.4789,18.4381,18.3927,18.3424,18.287,18.2262,18.1597,18.0875,18.009,17.9244,17.8332,17.7353,17.6306,17.5188,17.3997,17.2733,17.1393,16.9976,16.848,16.6904,16.5246,16.3506,16.168,15.977,15.7771,15.5684,15.3507,15.1239,14.8878,14.6423,14.3873,14.1226,13.848,13.5634,13.2687,12.9638,12.6484,12.3224,11.9856,11.638,11.2792,10.9093,10.5279,10.1351,9.73053,9.31426,8.8861,8.44605,7.99402,7.5301,7.05431,6.56686,6.06793,5.55788,5.03711,4.5062,3.96579,3.4167,2.85983,2.29628,1.72719,1.15387,0.577661,0
20,19.9253,19.8514,19.7791,19.7089,19.6416,19.5777,19.5176,19.4618,19.4104,19.3637,19.3216,19.2842,19.2512,19.2226,19.1981,19.1773,19.1598,19.1453,19.1334,19.1236,19.1154,19.1085,19.1022,19.0963,19.0901,19.0833,19.0754,19.0661,19.0548,19.0413,19.025,19.0057,18.983,18.9565,18.9259,18.891,18.8513,18.8067,18.7567,18.7014,18.6401,18.573,18.4995,18.4196,18.333,18.2396,18.139,18.0312,17.916,17.7932,17.6626,17.5241,17.3774,17.2225,17.0592,16.8875,16.7069,16.5177,16.3194,16.1121,15.8955,15.6696,15.4343,15.1893,14.9346,14.6701,14.3955,14.1109,13.816,13.5108,13.195,12.8686,12.5314,12.1834,11.8243,11.4541,11.0726,10.6798,10.2755,9.8597,9.43227,8.99326,8.54258,8.08035,7.60659,7.12149,6.62522,6.1181,5.60046,5.0728,4.53564,3.9897,3.43571,2.8746,2.30734,1.73504,1.15888,0.5801,0
20,19.9479,19.8964,19.8461,19.7977,19.7515,19.7082,19.668,19.6313,19.5982,19.5689,19.5434,19.5217,19.5037,19.4891,19.4778,19.4694,19.4636,19.4601,19.4584,19.4582,19.459,19.4603,19.4619,19.4631,19.4637,19.4631,19.4609,19.4568,19.4503,19.4411,19.4287,19.4128,19.3932,19.3693,19.341,19.3078,19.2696,19.2259,19.1767,19.1215,19.0602,18.9924,18.918,18.8368,18.7485,18.653,18.55,18.4393,18.3209,18.1944,18.0598,17.9169,17.7655,17.6054,17.4367,17.2589,17.0722,16.8762,16.671,16.4562,16.232,15.998,15.7543,15.5005,15.2368,14.9629,14.6787,14.3841,14.079,13.7633,13.4369,13.0996,12.7514,12.3921,12.0218,11.6402,11.2474,10.8431,10.4275,10.0004,9.56196,9.11203,8.65075,8.17817,7.69448,7.19981,6.69448,6.17877,5.65311,5.11796,4.57392,4.02163,3.46188,2.8955,2.32345,1.74676,1.16651,0.583859,0
20,19.9698,19.9401,19.9114,19.8841,19.8587,19.8356,19.815,19.7971,19.7822,19.7704,19.7615,19.7557,19.7527,19.7524,19.7545,19.7589,19.7652,19.773,19.782,19.7918,19.8019,19.8121,19.8218,19.8308,19.8384,19.8445,19.8484,19.8499,19.8486,19.844,19.8359,19.8239,19.8075,19.7866,19.7608,19.7298,19.6932,19.6509,19.6025,19.5479,19.4866,19.4186,19.3434,19.2612,19.1713,19.0739,18.9686,18.8554,18.7338,18.6039,18.4654,18.3183,18.1622,17.9972,17.823,17.6396,17.4466,17.2442,17.032,16.8101,16.5782,16.3363,16.0842,15.8219,15.5492,15.266,14.9722,14.6679,14.3526,14.0266,13.6896,13.3416,12.9824,12.6121,12.2305,11.8377,11.4334,11.0179,10.591,10.1527,9.70307,9.24223,8.77019,8.28718,7.7933,7.28887,6.77411,6.24943,5.71523,5.17205,4.62042,4.06105,3.49466,2.92209,2.34422,1.76203,1.17654,0.588832,0
20,19.9912,19.9828,19.9751,19.9687,19.9637,19.9604,19.9592,19.9601,19.9633,19.9688,19.9767,19.9867,19.999,20.0132,20.0292,20.0466,20.0652,20.0847,20.1048,20.1249,20.1449,20.1643,20.1827,20.1997,20.2149,20.2279,20.2384,20.2459,20.2501,20.2506,20.2471,20.2391,20.2266,20.2089,20.1859,20.1573,20.1228,20.082,20.0348,19.9808,19.9199,19.8517,19.7762,19.693,19.6019,19.5028,19.3954,19.2796,19.1552,19.0219,18.8798,18.7285,18.5681,18.3981,18.2187,18.0296,17.8307,17.6218,17.4029,17.1738,16.9345,16.6847,16.4245,16.1536,15.8721,15.5797,15.2766,14.9624,14.6372,14.3009,13.9534,13.5947,13.2247,12.8433,12.4506,12.0465,11.631,11.2041,10.7658,10.3163,9.85549,9.38356,8.9007,8.407,7.90277,7.38821,6.8637,6.3296,5.78639,5.23455,4.67471,4.10749,3.53365,2.95396,2.36931,1.7806,1.1888,0.594924,0
20,20.0122,20.0247,20.0378,20.0518,20.0669,20.0833,20.1012,20.1208,20.142,20.1649,20.1895,20.2157,20.2434,20.2723,20.3023,20.3331,20.3644,20.396,20.4274,20.4584,20.4886,20.5175,20.5449,20.5704,20.5935,20.614,20.6313,20.6452,20.6553,20.6612,20.6626,20.6592,20.6506,20.6366,20.6167,20.5908,20.5585,20.5196,20.4737,20.4208,20.3604,20.2924,20.2166,20.1327,20.0405,19.9399,19.8306,19.7125,19.5853,19.449,19.3033,19.1482,18.9833,18.8087,18.6241,18.4295,18.2247,18.0096,17.784,17.5479,17.3012,17.0437,16.7753,16.4961,16.2058,15.9044,15.5918,15.268,14.9329,14.5864,14.2285,13.8591,13.4782,13.0859,12.682,12.2667,11.8399,11.4016,10.952,10.4911,10.019,9.53594,9.04199,8.53745,8.02252,7.49756,6.96287,6.41893,5.86615,5.30511,4.73635,4.16058,3.57847,2.99083,2.39846,1.80227,1.20315,0.602068,0
20,20.0329,20.066,20.0996,20.1337,20.1687,20.2047,20.2416,20.2797,20.319,20.3594,20.4008,20.4432,20.4865,20.5303,20.5746,20.6191,20.6634,20.7074,20.7506,20.7927,20.8334,20.8724,20.9092,20.9435,20.9749,21.0031,21.0277,21.0483,21.0647,21.0764,21.0831,21.0844,21.0802,21.07,21.0536,21.0306,21.0009,20.9641,20.9199,20.8682,20.8086,20.741,20.6651,20.5807,20.4877,20.3857,20.2747,20.1544,20.0248,19.8854,19.7364,19.5774,19.4084,19.2292,19.0397,18.8396,18.6291,18.4078,18.1757,17.9327,17.6787,17.4135,17.1372,16.8496,16.5507,16.2403,15.9184,15.585,15.24,14.8833,14.515,14.135,13.7434,13.3401,12.9251,12.4984,12.0603,11.6106,11.1495,10.6771,10.1936,9.69915,9.19396,8.67825,8.15237,7.6166,7.07137,6.51707,5.95423,5.38335,4.80507,4.21999,3.62886,3.03241,2.43146,1.82685,1.21946,0.610197,0
20,20.0534,20.1069,20.1607,20.2149,20.2697,20.325,20.381,20.4376,20.4949,20.5528,20.6112,20.67,20.729,20.788,20.8468,20.9052,20.9629,21.0195,21.0748,21.1285,21.1801,21.2294,21.2759,21.3195,21.3596,21.3959,21.4281,21.4559,21.4788,21.4966,21.5089,21.5154,21.5158,21.5098,21.4971,21.4774,21.4504,21.416,21.3737,21.3235,21.2649,21.1979,21.1221,21.0375,20.9437,20.8407,20.7281,20.6059,20.4738,20.3317,20.1794,20.0168,19.8437,19.6601,19.4657,19.2604,19.0442,18.8169,18.5783,18.3286,18.0673,17.7947,17.5104,17.2146,16.907,16.5877,16.2565,15.9136,15.5587,15.192,14.8133,14.4228,14.0202,13.6059,13.1797,12.7418,12.2922,11.831,11.3583,10.8743,10.3792,9.87315,9.35641,8.8293,8.29208,7.74516,7.18891,6.62381,6.05033,5.46905,4.88055,4.28549,3.68456,3.07852,2.46812,1.85422,1.23764,0.61927,0
20,20.0737,20.1475,20.2215,20.2956,20.37,20.4447,20.5196,20.5948,20.6702,20.7457,20.8212,20.8965,20.9715,21.0459,21.1195,21.1921,21.2634,21.333,21.4007,21.4662,21.5291,21.5891,21.6458,21.6989,21.748,21.7929,21.8331,21.8682,21.8981,21.9223,21.9405,21.9525,21.9578,21.9563,21.9476,21.9314,21.9076,21.8757,21.8356,21.787,21.7298,21.6635,21.5882,21.5034,21.4092,21.3052,21.1913,21.0672,20.9329,20.7881,20.6328,20.4667,20.2897,20.1017,19.9026,19.6922,19.4705,19.2372,18.9924,18.7358,18.4675,18.1873,17.8953,17.5912,17.2751,16.9469,16.6066,16.2541,15.8894,15.5126,15.1236,14.7223,14.309,13.8836,13.4462,12.9969,12.5357,12.0628,11.5784,11.0826,10.5757,10.0578,9.52932,8.99043,8.44156,7.88304,7.31535,6.73891,6.15427,5.56196,4.96262,4.35686,3.7454,3.12896,2.50831,1.88425,1.25762,0.629241,0
20,20.094,20.188,20.282,20.376,20.4701,20.5641,20.6581,20.7519,20.8454,20.9387,21.0314,21.1234,21.2145,21.3046,21.3932,21.4803,21.5655,21.6485,21.7289,21.8066,21.8811,21.9521,22.0193,22.0823,22.1408,22.1945,22.243,22.286,22.3231,22.354,22.3785,22.3962,22.4068,22.41,22.4056,22.3933,22.3727,22.3437,22.306,22.2594,22.2035,22.1384,22.0636,21.979,21.8844,21.7797,21.6645,21.5389,21.4025,21.2552,21.0969,20.9275,20.7468,20.5546,20.3508,20.1355,19.9082,19.6692,19.4181,19.1549,18.8796,18.5921,18.2922,17.98,17.6554,17.3184,16.9688,16.6069,16.2323,15.8454,15.446,15.0341,14.6099,14.1734,13.7246,13.2638,12.791,12.3063,11.81,11.3022,10.7832,10.2532,9.71257,9.16162,8.60066,8.03016,7.45052,6.86226,6.26587,5.66195,5.05109,4.43396,3.81122,3.18363,2.55191,1.91688,1.27933,0.640087,0
20,20.1142,20.2284,20.3425,20.4564,20.5702,20.6836,20.7966,20.9092,21.0211,21.1321,21.2423,21.3512,21.4587,21.5646,21.6686,21.7704,21.8698,21.9664,22.06,22.1502,22.2366,22.319,22.397,22.4703,22.5385,22.6014,22.6585,22.7095,22.7543,22.7923,22.8233,22.847,22.8632,22.8714,22.8716,22.8633,22.8463,22.8204,22.7854,22.7409,22.6868,22.6228,22.5489,22.4646,22.3699,22.2645,22.1484,22.0213,21.883,21.7334,21.5724,21.3997,21.2153,21.0191,20.8109,20.5905,20.358,20.1131,19.8559,19.5862,19.304,19.009,18.7015,18.3812,18.0482,17.7023,17.3436,16.9721,16.5878,16.1907,15.7809,15.3583,14.9231,14.4754,14.0152,13.5427,13.0581,12.5614,12.053,11.533,11.0017,10.4593,9.90622,9.34277,8.76938,8.1864,7.59437,6.99371,6.38504,5.76887,5.14587,4.51665,3.88193,3.2424,2.59885,1.95202,1.30273,0.651779,0
20,20.1345,20.269,20.4032,20.5371,20.6706,20.8035,20.9357,21.0671,21.1975,21.3266,21.4543,21.5804,21.7045,21.8266,21.9462,22.0631,22.1769,22.2875,22.3945,22.4975,22.5962,22.6903,22.7795,22.8634,22.9416,23.014,23.0801,23.1396,23.1922,23.2376,23.2754,23.3055,23.3275,23.3411,23.346,23.3421,23.3289,23.3064,23.2742,23.2321,23.1799,23.1175,23.0444,22.9607,22.8661,22.7604,22.6433,22.5149,22.3748,22.2231,22.0594,21.8837,21.6957,21.4956,21.2829,21.0579,20.8201,20.5696,20.3063,20.0301,19.741,19.4388,19.1236,18.7952,18.4537,18.0991,17.7312,17.3502,16.9561,16.5488,16.1285,15.6952,15.2489,14.7899,14.3181,13.8339,13.3372,12.8284,12.3076,11.7751,11.2312,10.6761,10.1102,9.53395,8.94763,8.35177,7.74679,7.13326,6.51168,5.88268,5.24685,4.60488,3.95743,3.30525,2.64905,1.98964,1.32779,0.664306,0
20,20.1549,20.3097,20.4642,20.6182,20.7716,20.9241,21.0757,21.2261,21.3751,21.5225,21.6681,21.8115,21.9526,22.091,22.2265,22.3587,22.4874,22.6123,22.733,22.8491,22.9604,23.0666,23.1673,23.2621,23.3508,23.4329,23.5083,23.5765,23.6374,23.6904,23.7354,23.7721,23.8002,23.8194,23.8294,23.83,23.821,23.802,23.773,23.7335,23.6835,23.6226,23.5508,23.4678,23.3734,23.2674,23.1498,23.0201,22.8785,22.7247,22.5585,22.3798,22.1886,21.9845,21.7677,21.5378,21.295,21.0389,20.7696,20.487,20.1911,19.8817,19.5588,19.2224,18.8726,18.5091,18.1321,17.7415,17.3375,16.92,16.4892,16.045,15.5876,15.1171,14.6337,14.1374,13.6286,13.1074,12.574,12.0287,11.4719,10.9037,10.3247,9.73514,9.13552,8.52623,7.90785,7.28083,6.64579,6.00329,5.35401,4.69857,4.03769,3.37208,2.7025,2.0297,1.35449,0.677651,0
20,20.1755,20.3507,20.5256,20.6999,20.8733,21.0457,21.2169,21.3865,21.5544,21.7203,21.8839,22.045,22.2032,22.3583,22.51,22.6579,22.8018,22.9412,23.0759,23.2056,23.3299,23.4484,23.5609,23.667,23.7664,23.8587,23.9437,24.021,24.0903,24.1513,24.2038,24.2474,24.2818,24.3069,24.3223,24.3277,24.323,24.3079,24.2821,24.2455,24.1978,24.1389,24.0684,23.9863,23.8923,23.7863,23.6681,23.5376,23.3944,23.2387,23.0702,22.8887,22.6941,22.4864,22.2654,22.031,21.783,21.5215,21.2463,20.9574,20.6546,20.3381,20.0076,19.6633,19.3049,18.9327,18.5465,18.1464,17.7324,17.3047,16.8632,16.4081,15.9394,15.4573,14.962,14.4536,13.9324,13.3985,12.8523,12.294,11.7238,11.1423,10.5497,9.94648,9.33302,8.70988,8.0775,7.43648,6.78734,6.13075,5.46731,4.79773,4.12268,3.44291,2.75915,2.0722,1.38281,0.691814,0
20,20.1962,20.3922,20.5877,20.7824,20.9762,21.1686,21.3596,21.5487,21.7357,21.9204,22.1024,22.2813,22.4571,22.6292,22.7973,22.9612,23.1206,23.2749,23.424,23.5675,23.7051,23.8363,23.961,24.0786,24.1891,24.2919,24.3868,24.4734,24.5516,24.6209,24.6811,24.7318,24.773,24.8041,24.8251,24.8356,24.8355,24.8244,24.8022,24.7686,24.7235,24.6666,24.5977,24.5166,24.4233,24.3174,24.1989,24.0675,23.9231,23.7656,23.5949,23.4107,23.213,23.0016,22.7766,22.5376,22.2848,22.0178,21.7368,21.4416,21.1322,20.8084,20.4704,20.118,19.7513,19.3702,18.9749,18.5652,18.1413,17.7031,17.2509,16.7847,16.3046,15.8108,15.3035,14.7827,14.2489,13.7021,13.1427,12.571,11.9873,11.3919,10.7854,10.168,9.54031,8.90273,8.25586,7.6002,6.93641,6.26504,5.58681,4.90235,4.21242,3.51772,2.81903,2.11711,1.41276,0.706789,0
20,20.2172,20.4342,20.6505,20.866,21.0803,21.2931,21.5041,21.713,21.9194,22.1231,22.3238,22.521,22.7145,22.904,23.0889,23.2692,23.4443,23.6139,23.7777,23.9354,24.0866,24.2309,24.368,24.4977,24.6194,24.733,24.8381,24.9345,25.0217,25.0996,25.1678,25.226,25.274,25.3116,25.3384,25.3543,25.3589,25.3522,25.3337,25.3034,25.261,25.2064,25.1392,25.0595,24.9668,24.8613,24.7425,24.6105,24.4649,24.3059,24.1329,23.9463,23.7455,23.5307,23.3016,23.0583,22.8005,22.5283,22.2415,21.9401,21.6239,21.2931,20.9475,20.5872,20.2121,19.8222,19.4175,18.9982,18.5642,18.1157,17.6526,17.1753,16.6836,16.1779,15.6583,15.125,14.5782,14.0183,13.4454,12.86,12.2624,11.6529,11.0319,10.3999,9.75743,9.10496,8.44298,7.77215,7.09301,6.40625,5.7125,5.01249,4.30691,3.59654,2.88212,2.16446,1.44434,0.722583,0
20,20.2385,20.4767,20.7142,20.9507,21.1859,21.4193,21.6507,21.8796,22.1059,22.329,22.5486,22.7645,22.9761,23.1832,23.3854,23.5822,23.7735,23.9588,24.1377,24.3098,24.475,24.6327,24.7827,24.9245,25.058,25.1827,25.2984,25.4046,25.5013,25.588,25.6645,25.7304,25.7857,25.8299,25.8628,25.8842,25.8939,25.8916,25.8772,25.8503,25.8109,25.7586,25.6935,25.6151,25.5235,25.4183,25.2996,25.167,25.0205,24.8598,24.685,24.4958,24.2922,24.074,23.8411,23.5934,23.3309,23.0534,22.7609,22.4533,22.1306,21.7926,21.4396,21.0712,20.6877,20.2889,19.8751,19.446,19.0019,18.5428,18.0688,17.58,17.0767,16.5589,16.0269,15.4807,14.9209,14.3475,13.7609,13.1613,12.5494,11.9252,11.2894,10.6424,9.98463,9.31664,8.63904,7.95236,7.25729,6.55442,5.8445,5.12817,4.40623,3.6794,2.94849,2.21427,1.47757,0.7392,0
20,20.2602,20.52,20.779,21.0368,21.2932,21.5476,21.7997,22.0491,22.2955,22.5383,22.7773,23.0121,23.2422,23.4674,23.6871,23.901,24.1088,24.31,24.5043,24.6914,24.8708,25.0423,25.2054,25.3598,25.5053,25.6415,25.7679,25.8845,25.9909,26.0867,26.1717,26.2457,26.3083,26.3595,26.3987,26.4259,26.4408,26.4433,26.433,26.4098,26.3735,26.324,26.2609,26.1842,26.0936,25.9891,25.8704,25.7375,25.5901,25.4282,25.2514,25.06,24.8535,24.6321,24.3954,24.1435,23.8762,23.5936,23.2954,22.9817,22.6523,22.3074,21.9468,21.5705,21.1785,20.7709,20.3477,19.9089,19.4545,18.9848,18.4998,17.9996,17.4843,16.9542,16.4095,15.8504,15.277,14.6899,14.0891,13.4752,12.8485,12.2093,11.5582,10.8956,10.222,9.53802,8.84414,8.14105,7.42934,6.70972,5.98286,5.24953,4.51043,3.76638,3.01815,2.26657,1.51246,0.756654,0
20,20.2822,20.564,20.8449,21.1245,21.4024,21.6782,21.9514,22.2217,22.4885,22.7515,23.0103,23.2644,23.5134,23.7569,23.9946,24.2259,24.4506,24.6682,24.8783,25.0806,25.2747,25.4602,25.6368,25.8042,25.962,26.1098,26.2476,26.3747,26.491,26.5962,26.6901,26.7723,26.8427,26.9009,26.9467,26.9799,27.0004,27.0077,27.0019,26.9825,26.9496,26.9028,26.842,26.7671,26.6778,26.574,26.4557,26.3225,26.1744,26.0112,25.8328,25.6391,25.43,25.2053,24.965,24.7089,24.4371,24.1492,23.8455,23.5257,23.1899,22.8379,22.4698,22.0855,21.6851,21.2685,20.836,20.3873,19.9227,19.4422,18.946,18.4341,17.9068,17.3642,16.8066,16.2341,15.6471,15.0458,14.4307,13.8019,13.1601,12.5054,11.8385,11.1598,10.4699,9.76924,9.05853,8.33833,7.60935,6.87224,6.12776,5.37661,4.61962,3.85753,3.09119,2.32141,1.54905,0.774956,0
20,20.3046,20.6088,20.912,21.2139,21.5138,21.8114,22.1062,22.3977,22.6854,22.969,23.2479,23.5218,23.7901,24.0525,24.3084,24.5576,24.7995,25.0339,25.2601,25.478,25.6871,25.8871,26.0775,26.2582,26.4286,26.5886,26.7377,26.8757,27.0023,27.1172,27.2201,27.3109,27.3892,27.4548,27.5074,27.5469,27.5729,27.5855,27.5841,27.5689,27.5394,27.4957,27.4374,27.3644,27.2765,27.1738,27.0557,26.9225,26.7737,26.6095,26.4295,26.2337,26.022,25.7943,25.5504,25.2903,25.0138,24.721,24.4117,24.0859,23.7435,23.3846,23.0089,22.6167,22.2078,21.7824,21.3403,20.8817,20.4067,19.9154,19.4078,18.8842,18.3446,17.7893,17.2185,16.6325,16.0315,15.4158,14.7858,14.1419,13.4844,12.8138,12.1306,11.4353,10.7284,10.0106,9.28238,8.54446,7.79747,7.04219,6.27929,5.50961,4.73387,3.95295,3.16765,2.37884,1.58737,0.794129,0
20,20.3276,20.6546,20.9807,21.3051,21.6276,21.9474,22.2642,22.5774,22.8866,23.1911,23.4907,23.7847,24.0728,24.3544,24.6291,24.8965,25.1561,25.4075,25.6504,25.8843,26.1088,26.3235,26.5282,26.7224,26.9058,27.0781,27.239,27.3881,27.5253,27.6501,27.7625,27.862,27.9485,28.0216,28.0813,28.1272,28.1592,28.177,28.1805,28.1695,28.1438,28.1031,28.0475,27.9766,27.8904,27.7886,27.6712,27.5379,27.3888,27.2235,27.0421,26.8443,26.6302,26.3994,26.1521,25.8879,25.6071,25.3092,24.9945,24.6627,24.3139,23.9479,23.5648,23.1645,22.7472,22.3127,21.8612,21.3926,20.9072,20.4048,19.8858,19.3502,18.7982,18.2299,17.6458,17.0459,16.4306,15.8001,15.1549,14.4954,13.8219,13.1349,12.4349,11.7224,10.998,10.2623,9.51599,8.75961,7.99396,7.21971,6.43768,5.64861,4.85337,4.05275,3.24765,2.43892,1.62747,0.81419,0
20,20.351,20.7015,21.0508,21.3985,21.7439,22.0865,22.4258,22.7612,23.0923,23.4184,23.739,24.0537,24.3619,24.6633,24.9572,25.2432,25.5209,25.7899,26.0497,26.2999,26.5402,26.7701,26.9893,27.1974,27.3941,27.5791,27.752,27.9127,28.0606,28.1957,28.3176,28.4262,28.521,28.6021,28.6689,28.7216,28.7596,28.783,28.7914,28.7849,28.763,28.7257,28.6728,28.6043,28.5197,28.4192,28.3025,28.1695,28.0199,27.8539,27.671,27.4715,27.2549,27.0213,26.7705,26.5026,26.2172,25.9146,25.5943,25.2567,24.9013,24.5284,24.1378,23.7297,23.3037,22.8603,22.3992,21.9206,21.4245,20.9111,20.3804,19.8326,19.268,18.6866,18.0888,17.4747,16.8448,16.1992,15.5384,14.8629,14.1728,13.469,12.7516,12.0214,11.2789,10.5248,9.7596,8.98412,8.19901,7.40508,6.60308,5.79385,4.97822,4.15707,3.33126,2.50174,1.66939,0.835168,0
20,20.375,20.7494,21.1226,21.494,21.863,22.2289,22.5913,22.9495,23.3029,23.651,23.9933,24.3291,24.6581,24.9795,25.2931,25.5982,25.8945,26.1814,26.4586,26.7256,26.982,27.2274,27.4615,27.6839,27.8942,28.0922,28.2775,28.4498,28.6089,28.7545,28.8863,29.0041,29.1076,29.1966,29.271,29.3304,29.3748,29.4039,29.4176,29.4155,29.3977,29.3639,29.314,29.2478,29.1652,29.066,28.9502,28.8174,28.6677,28.5009,28.3169,28.1155,27.8967,27.6603,27.4063,27.1345,26.8449,26.5373,26.2118,25.8682,25.5065,25.1266,24.7286,24.3124,23.878,23.4254,22.9548,22.466,21.9592,21.4345,20.8921,20.332,19.7545,19.1598,18.548,17.9195,17.2746,16.6136,15.9368,15.2447,14.5378,13.8165,13.0813,12.3328,11.5716,10.7983,10.0136,9.21822,8.41295,7.5985,6.77575,5.94548,5.10862,4.26602,3.41863,2.56737,1.71321,0.857089,0
20,20.3996,20.7986,21.1963,21.592,21.9851,22.375,22.761,23.1425,23.5189,23.8896,24.2539,24.6115,24.9616,25.3038,25.6375,25.9622,26.2774,26.5828,26.8777,27.1619,27.4348,27.6961,27.9454,28.1824,28.4067,28.618,28.8159,29.0003,29.1708,29.3271,29.469,29.5963,29.7086,29.806,29.888,29.9545,30.0053,30.0404,30.0593,30.0621,30.0484,30.0184,29.9715,29.9079,29.8273,29.7297,29.6147,29.4825,29.3327,29.1653,28.9801,28.7772,28.5561,28.3171,28.0599,27.7844,27.4905,27.1782,26.8473,26.498,26.1298,25.7431,25.3376,24.9134,24.4704,24.0088,23.5284,23.0294,22.5119,21.9759,21.4215,20.849,20.2584,19.65,19.024,18.3808,17.7206,17.0437,16.3505,15.6416,14.9172,14.1779,13.4242,12.6568,11.8762,11.0832,10.2783,9.46231,8.63603,7.8003,6.9559,6.10376,5.24473,4.37979,3.50986,2.63593,1.75896,0.87999,0
20,20.4249,20.8491,21.2719,21.6926,22.1105,22.5249,22.9352,23.3406,23.7406,24.1344,24.5215,24.9013,25.2732,25.6365,25.9909,26.3356,26.6704,26.9945,27.3077,27.6094,27.8993,28.1768,28.4418,28.6937,28.9323,29.1571,29.3681,29.5647,29.7468,29.9141,30.0664,30.2034,30.3249,30.4306,30.5205,30.5943,30.6518,30.6929,30.7174,30.725,30.7158,30.6894,30.6459,30.585,30.5066,30.4105,30.2968,30.165,30.0153,29.8474,29.6613,29.4568,29.2338,28.9921,28.7318,28.4527,28.1547,27.8376,27.5016,27.1463,26.772,26.3783,25.9654,25.5332,25.0817,24.6109,24.1208,23.6115,23.0831,22.5355,21.9691,21.3839,20.7801,20.1578,19.5174,18.8591,18.1833,17.4901,16.7802,16.0538,15.3115,14.5537,13.7811,12.9941,12.1935,11.3799,10.554,9.71667,8.86864,8.01073,7.14386,6.26889,5.38681,4.49854,3.60511,2.7075,1.80675,0.903902,0
20,20.4509,20.901,21.3497,21.796,22.2394,22.679,23.1142,23.5442,23.9684,24.386,24.7964,25.199,25.5932,25.9783,26.3538,26.7192,27.0738,27.4173,27.7491,28.0689,28.376,28.6703,28.9512,29.2184,29.4715,29.7104,29.9345,30.1437,30.3377,30.5163,30.6791,30.826,30.9568,31.0713,31.1692,31.2505,31.3148,31.3621,31.3922,31.405,31.4002,31.3779,31.3377,31.2797,31.2036,31.1093,30.9967,30.8657,30.7161,30.5479,30.3609,30.155,29.93,29.686,29.4226,29.14,28.8378,28.5162,28.1749,27.8141,27.4334,27.0329,26.6126,26.1724,25.7122,25.2323,24.7324,24.2128,23.6733,23.1143,22.5356,21.9375,21.3202,20.6839,20.0287,19.3551,18.6632,17.9535,17.2262,16.482,15.7212,14.9445,14.1522,13.3451,12.5237,11.6889,10.8413,9.98179,9.1111,8.23018,7.33988,6.44119,5.53505,4.6225,3.70453,2.78223,1.85664,0.928872,0
20,20.4776,20.9545,21.4297,21.9025,22.372,22.8376,23.2984,23.7537,24.2028,24.6448,25.0792,25.5052,25.9223,26.3297,26.727,27.1134,27.4885,27.8518,28.2028,28.5409,28.8658,29.1771,29.4743,29.7571,30.0252,30.2782,30.516,30.738,30.9442,31.1341,31.3078,31.4649,31.6052,31.7285,31.8347,31.9235,31.9949,32.0485,32.0845,32.1024,32.1024,32.0841,32.0475,31.9924,31.9188,31.8264,31.7152,31.585,31.4358,31.2672,31.0795,30.8722,30.6455,30.399,30.1328,29.8467,29.5406,29.2144,28.8681,28.5015,28.1147,27.7073,27.2797,26.8314,26.3628,25.8736,25.364,24.8338,24.2834,23.7125,23.1215,22.5104,21.8794,21.2287,20.5586,19.8692,19.161,18.4343,17.6894,16.9268,16.1471,15.3507,14.5382,13.7102,12.8675,12.0107,11.1406,10.258,9.36387,8.45898,7.54435,6.62092,5.68975,4.75184,3.80831,2.86023,1.90873,0.954938,0
20,20.5052,21.0095,21.5121,22.0121,22.5087,23.001,23.4882,23.9695,24.4441,24.9113,25.3703,25.8205,26.261,26.6914,27.1109,27.519,27.9151,28.2987,28.6692,29.0262,29.3692,29.6979,30.0118,30.3107,30.594,30.8616,31.113,31.3482,31.5667,31.7685,31.9531,32.1206,32.2705,32.4029,32.5174,32.6141,32.6926,32.7529,32.7947,32.8181,32.8228,32.8088,32.7758,32.7239,32.6527,32.5624,32.4526,32.3234,32.1746,32.006,31.8175,31.6092,31.3806,31.132,30.8629,30.5735,30.2635,29.9329,29.5815,29.2094,28.8163,28.4023,27.9672,27.5111,27.0339,26.5355,26.016,25.4754,24.9137,24.3311,23.7275,23.1033,22.4584,21.7931,21.1077,20.4024,19.6774,18.9333,18.1702,17.3889,16.5896,15.773,14.9397,14.0902,13.2253,12.3458,11.4523,10.5459,9.62733,8.69758,7.7576,6.80845,5.85116,4.88686,3.91663,2.94167,1.96311,0.982157,0
20,20.5336,21.0663,21.5971,22.1252,22.6496,23.1694,23.6838,24.1919,24.6929,25.186,25.6704,26.1453,26.6101,27.0639,27.5064,27.9366,28.3542,28.7586,29.1492,29.5255,29.8871,30.2336,30.5646,30.8797,31.1786,31.4609,31.7266,31.975,32.2062,32.4199,32.6158,32.7937,32.9536,33.0951,33.2183,33.3228,33.4086,33.4756,33.5236,33.5524,33.5621,33.5523,33.5232,33.4744,33.4061,33.3178,33.2097,33.0815,32.9332,32.7646,32.5757,32.3661,32.1361,31.8852,31.6136,31.3208,31.0071,30.6721,30.3159,29.9382,29.5391,29.1184,28.676,28.2119,27.7262,27.2185,26.6892,26.138,25.5651,24.9705,24.3544,23.7168,23.0578,22.3777,21.6767,20.955,20.2131,19.4511,18.6696,17.8689,17.0496,16.2121,15.3573,14.4856,13.5979,12.6947,11.7772,10.8459,9.90204,8.94639,7.98007,7.0041,6.01963,5.02777,4.02973,3.02669,2.0199,1.01058,0
20,20.563,21.1249,21.6849,22.242,22.7951,23.3433,23.8858,24.4215,24.9497,25.4694,25.9799,26.4803,26.9699,27.448,27.9139,28.367,28.8066,29.2323,29.6434,30.0395,30.4201,30.7848,31.1332,31.465,31.7797,32.0772,32.3571,32.6193,32.8633,33.0891,33.2964,33.4851,33.6549,33.8059,33.9377,34.0504,34.1436,34.2174,34.2715,34.306,34.3207,34.3155,34.2902,34.2449,34.1792,34.0933,33.9868,33.8599,33.7122,33.5437,33.3543,33.1439,32.9123,32.6595,32.3852,32.0894,31.7719,31.4328,31.0717,30.6886,30.2834,29.8561,29.4065,28.9346,28.4402,27.9234,27.3841,26.8225,26.2382,25.6317,25.0027,24.3516,23.6784,22.9833,22.2664,21.5282,20.7687,19.9886,19.188,18.3675,17.5276,16.6688,15.7918,14.8972,13.9857,13.0583,12.1156,11.1587,10.1885,9.20593,8.21215,7.20829,6.19546,5.1749,4.14781,3.11549,2.0792,1.04026,0
20,20.5933,21.1855,21.7757,22.3627,22.9455,23.523,24.0945,24.6587,25.2149,25.7621,26.2994,26.8261,27.3413,27.8443,28.3344,28.8108,29.2731,29.7206,30.1527,30.569,30.9691,31.3523,31.7186,32.0673,32.3983,32.7111,33.0056,33.2815,33.5387,33.7768,33.9957,34.1953,34.3754,34.5358,34.6765,34.7972,34.8981,34.9788,35.0393,35.0795,35.0994,35.0986,35.0774,35.0355,34.9728,34.8892,34.7846,34.6589,34.512,34.3437,34.1541,33.9428,33.7099,33.4551,33.1784,32.8796,32.5587,32.2153,31.8495,31.4611,31.0501,30.6162,30.1594,29.6796,29.1768,28.6508,28.1017,27.5293,26.9339,26.3152,25.6734,25.0086,24.321,23.6105,22.8776,22.1224,21.3453,20.5464,19.7264,18.8856,18.0245,17.1437,16.2438,15.3256,14.3897,13.437,12.4684,11.4848,10.4872,9.47669,8.45439,7.42143,6.37907,5.32854,4.27116,3.20824,2.14116,1.07128,0
20,20.6247,21.2483,21.8696,22.4876,23.101,23.709,24.3103,24.904,25.4891,26.0647,26.6297,27.1834,27.7249,28.2535,28.7684,29.2689,29.7544,30.2242,30.6779,31.1149,31.5347,31.9371,32.3214,32.6874,33.0348,33.3634,33.6727,33.9627,34.2331,34.4838,34.7144,34.9251,35.1154,35.2855,35.4351,35.5643,35.6727,35.7605,35.8274,35.8735,35.8985,35.9025,35.8853,35.847,35.7873,35.7062,35.6035,35.4793,35.3332,35.1654,34.9755,34.7636,34.5293,34.2729,33.9938,33.6922,33.3677,33.0204,32.65,32.2564,31.8395,31.3992,30.9353,30.4479,29.9365,29.4015,28.8424,28.2595,27.6526,27.0218,26.3671,25.6886,24.9862,24.2604,23.5111,22.7388,21.9434,21.1256,20.2856,19.424,18.5412,17.6377,16.7143,15.7716,14.8105,13.8317,12.8361,11.8249,10.7989,9.75929,8.70725,7.64402,6.57084,5.48907,4.40003,3.30518,2.20591,1.10369,0
20,20.6572,21.3133,21.9669,22.6169,23.2622,23.9015,24.5338,25.1579,25.7729,26.3777,26.9713,27.5529,28.1216,28.6765,29.2169,29.742,30.2513,30.7441,31.2198,31.6779,32.1181,32.5397,32.9426,33.3262,33.6904,34.0348,34.3593,34.6635,34.9474,35.2106,35.4533,35.675,35.8759,36.0557,36.2144,36.3519,36.4682,36.563,36.6365,36.6884,36.7188,36.7275,36.7146,36.6799,36.6233,36.5447,36.4442,36.3213,36.1764,36.0089,35.8191,35.6065,35.3713,35.1131,34.8319,34.5274,34.1998,33.8485,33.4737,33.075,32.6525,32.2058,31.735,31.2398,30.7202,30.176,29.6072,29.0137,28.3955,27.7524,27.0847,26.3922,25.6752,24.9337,24.1679,23.3779,22.5642,21.727,20.8666,19.9836,19.0785,18.1517,17.2041,16.2362,15.2489,14.2431,13.2197,12.1797,11.1242,10.0543,8.97136,7.87654,6.77124,5.65683,4.53477,3.40652,2.27362,1.13759,0
20,20.691,21.3807,22.0678,22.7511,23.4292,24.1011,24.7654,25.4211,26.0669,26.7019,27.3251,27.9354,28.5319,29.114,29.6805,30.2311,30.7647,31.281,31.7793,32.2591,32.7199,33.1613,33.583,33.9846,34.3658,34.7264,35.066,35.3848,35.6822,35.9583,36.213,36.4461,36.6574,36.8471,37.0149,37.1609,37.2849,37.387,37.467,37.525,37.5607,37.5744,37.5657,37.5347,37.4813,37.4054,37.3069,37.1858,37.0419,36.8751,36.6853,36.4723,36.2361,35.9764,35.6932,35.3862,35.0553,34.7004,34.3212,33.9177,33.4896,33.0368,32.559,32.0564,31.5284,30.9753,30.3967,29.7927,29.163,28.5078,27.827,27.1206,26.3887,25.6313,24.8487,24.041,23.2085,22.3515,21.4703,20.5654,19.6374,18.6867,17.7141,16.7202,15.7059,14.6722,13.6198,12.55,11.4638,10.3625,9.24731,8.11959,6.98074,5.83227,4.67567,3.51253,2.34445,1.17306,0
20,20.726,21.4507,22.1726,22.8903,23.6026,24.3082,25.0057,25.694,26.3718,27.038,27.6917,28.3316,28.957,29.5668,30.1604,30.7369,31.2956,31.836,32.3573,32.8592,33.3411,33.8027,34.2435,34.6633,35.0618,35.4387,35.794,36.1272,36.4385,36.7275,36.9943,37.2387,37.4608,37.6603,37.8374,37.9919,38.1238,38.2331,38.3198,38.3837,38.425,38.4435,38.4392,38.412,38.3619,38.2887,38.1925,38.0731,37.9304,37.7643,37.5747,37.3614,37.1244,36.8634,36.5783,36.2689,35.9351,35.5765,35.1933,34.7849,34.3515,33.8926,33.4082,32.898,32.3621,31.8,31.2118,30.5972,29.9563,29.2888,28.595,27.8745,27.1276,26.3543,25.5547,24.7289,23.8774,23.0001,22.0977,21.1705,20.2189,19.2436,18.2453,17.2247,16.1825,15.1198,14.0375,12.9367,11.8187,10.6846,9.53581,8.37374,7.19991,6.01582,4.82314,3.62349,2.4186,1.21018,0
20,20.7625,21.5234,22.2814,23.035,23.7828,24.5233,25.2553,25.9773,26.6882,27.3868,28.0719,28.7424,29.3975,30.0361,30.6573,31.2606,31.8449,32.4099,32.9549,33.4793,33.9827,34.4648,34.9251,35.3634,35.7794,36.1729,36.5438,36.8918,37.2169,37.519,37.798,38.0539,38.2866,38.4962,38.6824,38.8456,38.9853,39.102,39.1952,39.2653,39.312,39.3355,39.3355,39.3123,39.2655,39.1952,39.1013,38.9838,38.8424,38.6772,38.4879,38.2745,38.0367,37.7746,37.4877,37.1761,36.8394,36.4776,36.0903,35.6775,35.2387,34.7741,34.2831,33.7658,33.2217,32.6509,32.0531,31.4282,30.776,30.0965,29.3894,28.655,27.893,27.1036,26.2868,25.4428,24.5718,23.6741,22.7499,21.7999,20.8242,19.8237,18.7989,17.7506,16.6797,15.587,14.4737,13.3408,12.1896,11.0214,9.83759,8.63971,7.42929,6.20802,4.97756,3.73971,2.49626,1.24907,0
20,20.8004,21.5991,22.3947,23.1856,23.9702,24.7471,25.5148,26.2719,27.017,27.749,28.4667,29.1688,29.8545,30.5226,31.1724,31.803,32.4138,33.0039,33.573,34.1204,34.6458,35.1487,35.6288,36.0858,36.5196,36.9298,37.3165,37.6794,38.0185,38.3336,38.625,38.8923,39.1358,39.3552,39.5508,39.7224,39.8702,39.994,40.0941,40.1702,40.2225,40.2509,40.2555,40.236,40.1927,40.1253,40.0339,39.9182,39.7784,39.614,39.4253,39.2118,38.9736,38.7104,38.4221,38.1083,37.7691,37.404,37.0131,36.5958,36.1522,35.6818,35.1845,34.6601,34.1083,33.5289,32.9217,32.2865,31.6232,30.9315,30.2115,29.4629,28.6859,27.8802,27.0462,26.1837,25.2931,24.3744,23.4282,22.4547,21.4545,20.428,19.3761,18.2993,17.1986,16.0749,14.9294,13.7632,12.5775,11.3738,10.1535,8.91819,7.66959,6.40937,5.1394,3.86152,2.57769,1.28985,0
20,20.8399,21.678,22.5128,23.3425,24.1654,24.9801,25.7849,26.5783,27.359,28.1257,28.877,29.6118,30.3289,31.0276,31.7066,32.3654,33.0031,33.6191,34.2128,34.7837,35.3313,35.8554,36.3555,36.8316,37.2832,37.7104,38.1129,38.4908,38.8439,39.1723,39.4759,39.7547,40.0088,40.2383,40.4431,40.6233,40.7789,40.9101,41.0168,41.0991,41.1568,41.1903,41.1993,41.1839,41.1439,41.0796,40.9906,40.8771,40.7387,40.5755,40.3873,40.1741,39.9355,39.6715,39.3817,39.0662,38.7245,38.3566,37.962,37.5407,37.0922,36.6165,36.1131,35.5819,35.0225,34.4347,33.8183,33.1731,32.4987,31.7951,31.0621,30.2995,29.5073,28.6855,27.8339,26.9529,26.0423,25.1025,24.1338,23.1365,22.111,21.058,19.978,18.8719,17.7405,16.5848,15.4059,14.205,12.9835,11.7428,10.4844,9.21004,7.92146,6.62052,5.30913,3.98931,2.66311,1.33263,0
20,20.8811,21.7603,22.6359,23.506,24.3689,25.2229,26.0663,26.8975,27.7151,28.5177,29.3038,30.0723,30.8221,31.552,32.2613,32.9489,33.6143,34.2566,34.8754,35.4702,36.0405,36.586,37.1065,37.6017,38.0714,38.5156,38.9342,39.327,39.6942,40.0357,40.3516,40.6419,40.9067,41.146,41.3601,41.5488,41.7123,41.8507,41.964,42.0523,42.1157,42.1541,42.1676,42.1562,42.1198,42.0584,41.9721,41.8606,41.724,41.562,41.3746,41.1616,40.9229,40.6582,40.3674,40.0502,39.7064,39.3357,38.9379,38.5127,38.0598,37.5788,37.0697,36.5318,35.9651,35.3692,34.7439,34.0887,33.4035,32.6881,31.9423,31.1657,30.3585,29.5203,28.6514,27.7514,26.8208,25.8595,24.868,23.8463,22.7951,21.7148,20.6061,19.4698,18.3067,17.1178,15.9044,14.6675,13.4087,12.1294,10.8313,9.5161,8.18573,6.84211,5.48732,4.12348,2.75282,1.37756,0
20,20.9241,21.8463,22.7645,23.6768,24.5813,25.4763,26.3599,27.2304,28.0863,28.9261,29.7483,30.5516,31.335,32.0973,32.8374,33.5548,34.2484,34.9177,35.5621,36.1812,36.7745,37.3418,37.8828,38.3973,38.8852,39.3465,39.7811,40.189,40.5701,40.9248,41.2529,41.5546,41.83,42.0792,42.3023,42.4995,42.6708,42.8164,42.9363,43.0307,43.0995,43.143,43.1609,43.1535,43.1207,43.0625,42.9787,42.8695,42.7346,42.574,42.3875,42.175,41.9363,41.6712,41.3794,41.0609,40.7151,40.3421,39.9412,39.5125,39.0553,38.5696,38.0548,37.5108,36.937,36.3333,35.6991,35.0344,34.3386,33.6116,32.8531,32.0628,31.2405,30.3862,29.4996,28.5809,27.63,26.647,25.6322,24.5858,23.5082,22.4001,21.2619,20.0945,18.8987,17.6755,16.4262,15.152,13.8544,12.5349,11.1953,9.8374,8.46323,7.07489,5.67455,4.26451,2.84711,1.42479,0
20,20.9692,21.9362,22.8989,23.8554,24.8034,25.7411,26.6666,27.578,28.4737,29.352,30.2116,31.051,31.869,32.6645,33.4366,34.1843,34.9069,35.6037,36.2742,36.9179,37.5346,38.1239,38.6856,39.2196,39.7258,40.2041,40.6547,41.0776,41.4728,41.8404,42.1807,42.4937,42.7796,43.0385,43.2706,43.4761,43.6551,43.8078,43.9342,44.0345,44.1089,44.1572,44.1797,44.1763,44.147,44.0919,44.011,43.904,43.7711,43.6119,43.4265,43.2147,42.9762,42.7108,42.4185,42.0987,41.7514,41.3761,40.9726,40.5405,40.0796,39.5893,39.0694,38.5194,37.939,37.3277,36.6852,36.0111,35.3051,34.5667,33.7958,32.9918,32.1547,31.2842,30.3802,29.4425,28.4712,27.4663,26.428,25.3565,24.2521,23.1154,21.947,20.7476,19.518,18.2594,16.973,15.6599,14.3219,12.9605,11.5775,10.175,8.75495,7.31967,5.8715,4.41287,2.94634,1.4745,0
20,21.0163,22.0303,23.0397,24.0423,25.0358,26.0181,26.9873,27.9413,28.8783,29.7968,30.6951,31.5718,32.4256,33.2554,34.0601,34.839,35.5911,36.316,37.013,37.6819,38.3221,38.9336,39.5161,40.0697,40.5941,41.0896,41.5562,41.9939,42.403,42.7835,43.1358,43.4599,43.7561,44.0246,44.2656,44.4793,44.6658,44.8255,44.9583,45.0645,45.1442,45.1974,45.2243,45.225,45.1993,45.1474,45.0692,44.9647,44.8337,44.6762,44.492,44.281,44.0429,43.7777,43.4848,43.1643,42.8156,42.4385,42.0326,41.5977,41.1332,40.6388,40.114,39.5585,38.9718,38.3534,37.7029,37.0199,36.3039,35.5545,34.7713,33.9541,33.1023,32.2159,31.2944,30.3379,29.3461,28.3191,27.257,26.16,25.0283,23.8625,22.6631,21.4308,20.1665,18.8713,17.5463,16.193,14.8128,13.4077,11.9794,10.5301,9.06191,7.57736,6.07889,4.56916,3.05089,1.52688,0
20,21.0658,22.1291,23.1874,24.2383,25.2794,26.3084,27.3231,28.3215,29.3017,30.2618,31.2002,32.1154,33.0062,33.8712,34.7096,35.5203,36.3027,37.0561,37.7802,38.4743,39.1385,39.7723,40.3758,40.9488,41.4916,42.0041,42.4865,42.9389,43.3617,43.755,44.119,44.4541,44.7604,45.0383,45.288,45.5096,45.7036,45.87,46.0091,46.121,46.206,46.264,46.2954,46.2999,46.2779,46.2292,46.1538,46.0517,45.9229,45.7672,45.5844,45.3744,45.1371,44.872,44.5791,44.2579,43.9082,43.5296,43.1219,42.6843,42.2168,41.7186,41.1895,40.6289,40.0363,39.4112,38.7532,38.0616,37.3361,36.5761,35.7812,34.9508,34.0848,33.1825,32.2438,31.2684,30.2563,29.2071,28.121,26.9982,25.8388,24.6432,23.4121,22.146,20.8459,19.5128,18.148,16.7527,15.3288,13.878,12.4023,10.904,9.38533,7.84895,6.29756,4.73398,3.16117,1.58214,0
20,21.1178,22.2329,23.3425,24.4441,25.5351,26.6129,27.6753,28.7201,29.7451,30.7485,31.7285,32.6837,33.6125,34.5139,35.3867,36.2301,37.0433,37.8258,38.5771,39.297,39.9851,40.6414,41.2658,41.8584,42.4193,42.9487,43.4467,43.9138,44.35,44.7558,45.1313,45.4771,45.7932,46.0802,46.3383,46.5678,46.7688,46.9419,47.0871,47.2046,47.2947,47.3575,47.3931,47.4017,47.3831,47.3377,47.2652,47.1657,47.0391,46.8853,46.704,46.4953,46.2588,45.9943,45.7015,45.3802,45.0298,44.6502,44.2407,43.8012,43.3309,42.8296,42.2965,41.7313,41.1334,40.5021,39.837,39.1374,38.4028,37.6327,36.8264,35.9834,35.1033,34.1856,33.2299,32.236,31.2033,30.132,29.0218,27.8729,26.6854,25.4596,24.196,22.8954,21.5584,20.1862,18.78,17.3413,15.8717,14.3732,12.8479,11.2982,9.72646,8.13558,6.52842,4.90805,3.27766,1.64052,0
20,21.1725,22.3421,23.5057,24.6605,25.8038,26.9329,28.0452,29.1383,30.2101,31.2585,32.2817,33.2782,34.2463,35.185,36.0932,36.9699,37.8146,38.6266,39.4056,40.1513,40.8636,41.5423,42.1876,42.7996,43.3786,43.9246,44.4381,44.9194,45.3688,45.7867,46.1735,46.5296,46.8554,47.1511,47.4173,47.6543,47.8623,48.0417,48.1928,48.3157,48.4108,48.4782,48.518,48.5304,48.5155,48.4732,48.4037,48.3068,48.1826,48.0307,47.8513,47.644,47.4087,47.145,46.8527,46.5314,46.1808,45.8004,45.3899,44.9487,44.4763,43.9722,43.4358,42.8665,42.2638,41.6269,40.9553,40.2483,39.5052,38.7254,37.9083,37.0532,36.1595,35.2268,34.2544,33.242,32.1892,31.0958,29.9615,28.7863,27.5703,26.3138,25.0171,23.681,22.3061,20.8935,19.4446,17.9607,16.4436,14.8953,13.318,11.7143,10.0868,8.43849,6.77251,5.09215,3.40089,1.70229,0
20,21.2302,22.4571,23.6777,24.8886,26.0869,27.2697,28.4342,29.5779,30.6985,31.7938,32.8618,33.9009,34.9097,35.8868,36.8311,37.742,38.6186,39.4606,40.2675,41.0392,41.7756,42.4768,43.1428,43.7741,44.3707,44.9332,45.4617,45.9569,46.4191,46.8488,47.2464,47.6125,47.9474,48.2517,48.5256,48.7698,48.9844,49.1699,49.3266,49.4547,49.5546,49.6265,49.6704,49.6866,49.6751,49.6362,49.5695,49.4754,49.3535,49.204,49.0264,48.8209,48.5869,48.3243,48.0328,47.7121,47.3615,46.981,46.5697,46.1274,45.6534,45.1471,44.6079,44.0353,43.4283,42.7865,42.109,41.3952,40.6443,39.8556,39.0282,38.1616,37.2549,36.3076,35.319,34.2886,33.2158,32.1004,30.942,29.7405,28.4958,27.2081,25.8777,24.5053,23.0915,21.6374,20.1441,18.6133,17.0466,15.4463,13.8146,12.1542,10.468,8.7591,7.03096,5.28717,3.53146,1.76775,0
20,21.2911,22.5787,23.8592,25.1292,26.3854,27.6247,28.844,30.0407,31.2122,32.3562,33.4708,34.5541,35.6047,36.6212,37.6027,38.5482,39.4574,40.3295,41.1646,41.9623,42.7229,43.4463,44.133,44.7831,45.3972,45.9755,46.5188,47.0274,47.502,47.943,48.351,48.7266,49.0703,49.3825,49.6639,49.9147,50.1357,50.3269,50.489,50.6221,50.7266,50.8026,50.8506,50.8705,50.8625,50.8266,50.7631,50.6716,50.5524,50.4051,50.2298,50.026,49.7938,49.5326,49.2423,48.9224,48.5725,48.1921,47.7808,47.3379,46.8629,46.355,45.8137,45.2382,44.6279,43.9818,43.2992,42.5793,41.8213,41.0243,40.1875,39.3099,38.391,37.4297,36.4254,35.3774,34.2852,33.148,31.9657,30.7378,29.4643,28.1451,26.7805,25.371,23.9173,22.4203,20.8813,19.3017,17.6834,16.0287,14.3399,12.6199,10.8718,9.09896,7.3051,5.49409,3.67005,1.83723,0
20,21.3556,22.7073,24.0513,25.3837,26.7009,27.9996,29.2765,30.5287,31.7534,32.9482,34.111,35.2401,36.3337,37.3907,38.4101,39.391,40.333,41.2357,42.0989,42.9227,43.7072,44.4527,45.1596,45.8283,46.4592,47.0532,47.6105,48.1321,48.6184,49.0702,49.4881,49.8727,50.2245,50.5443,50.8326,51.0899,51.3166,51.5133,51.6803,51.8181,51.9269,52.0071,52.0588,52.0823,52.0776,52.045,51.9844,51.8959,51.7792,51.6345,51.4614,51.2599,51.0295,50.7702,50.4814,50.1629,49.814,49.4344,49.0234,48.5806,48.1051,47.5964,47.0537,46.4762,45.8631,45.2136,44.5267,43.8016,43.0373,42.2329,41.3874,40.4999,39.5693,38.5948,37.5756,36.5107,35.3993,34.241,33.0349,31.7809,30.4784,29.1275,27.7282,26.281,24.7864,23.2453,21.6589,20.0288,18.3568,16.6451,14.8965,13.1138,11.3003,9.45989,7.59637,5.71406,3.81742,1.91114,0
20,21.424,22.8437,24.2548,25.6533,27.035,28.3964,29.7338,31.0441,32.3244,33.5722,34.7852,35.9614,37.0995,38.1979,39.256,40.2728,41.248,42.1813,43.0728,43.9224,44.7307,45.4978,46.2245,46.9111,47.5585,48.1673,48.7382,49.272,49.7695,50.2314,50.6585,51.0514,51.4109,51.7377,52.0324,52.2955,52.5276,52.7293,52.901,53.0431,53.156,53.24,53.2954,53.3223,53.3209,53.2914,53.2338,53.1481,53.0343,52.8921,52.7216,52.5225,52.2945,52.0372,51.7505,51.4336,51.0863,50.708,50.298,49.8558,49.3807,48.8718,48.3285,47.7498,47.1349,46.4828,45.7926,45.0631,44.2936,43.4827,42.6295,41.7328,40.7916,39.8048,38.7714,37.6903,36.5606,35.3815,34.1523,32.8722,31.541,30.1583,28.724,27.2384,25.702,24.1156,22.4804,20.7978,19.0697,17.2986,15.4871,13.6383,11.7559,9.84388,7.90647,5.94835,3.97445,1.9899,0
20,21.4967,22.9887,24.4711,25.9396,27.3895,28.817,30.2182,31.5896,32.9281,34.231,35.4959,36.7211,37.9047,39.0457,40.143,41.1962,42.2049,43.1689,44.0884,44.9637,45.7952,46.5835,47.3293,48.0333,48.6963,49.3193,49.903,50.4484,50.9562,51.4275,51.863,52.2637,52.6301,52.9632,53.2637,53.5321,53.7691,53.9754,54.1513,54.2974,54.414,54.5016,54.5603,54.5906,54.5924,54.566,54.5113,54.4286,54.3176,54.1783,54.0105,53.8141,53.5886,53.3339,53.0494,52.7349,52.3897,52.0132,51.6049,51.1641,50.69,50.1818,49.6386,49.0597,48.4438,47.7902,47.0975,46.3649,45.591,44.7748,43.915,43.0103,42.0596,41.0615,40.0149,38.9186,37.7714,36.5723,35.3204,34.0149,32.6551,31.2406,29.7711,28.2467,26.6677,25.0348,23.3492,21.6122,19.8258,17.9924,16.1149,14.1965,12.2412,10.2532,8.23726,6.19842,4.14211,2.07403,0
20,21.5742,23.1431,24.7015,26.2442,27.7666,29.264,30.7324,32.1679,33.5673,34.9277,36.2467,37.5221,38.7527,39.937,41.0743,42.1642,43.2064,44.201,45.1483,46.0487,46.9029,47.7117,48.4759,49.1965,49.8744,50.5106,51.1062,51.6621,52.1796,52.6593,53.1026,53.51,53.8828,54.2215,54.5271,54.8002,55.0416,55.2518,55.4316,55.5812,55.7012,55.792,55.854,55.8872,55.8921,55.8687,55.8171,55.7373,55.6293,55.4929,55.3282,55.1346,54.9121,54.6603,54.3787,54.0669,53.7243,53.3504,52.9444,52.5057,52.0335,51.5267,50.9848,50.4064,49.7907,49.1365,48.4427,47.7079,46.931,46.1106,45.2454,44.3339,43.3749,42.3667,41.3082,40.1977,39.0341,37.816,36.5423,35.2119,33.824,32.3779,30.8731,29.3095,27.6872,26.0068,24.2693,22.476,20.6289,18.7304,16.7835,14.7917,12.7592,10.6906,8.59095,6.46595,4.32157,2.16409,0
20,21.657,23.3081,24.9474,26.5694,28.1686,29.7401,31.2794,32.7824,34.2456,35.6659,37.0408,38.3683,39.6468,40.8754,42.0531,43.1799,44.2555,45.2804,46.255,47.1799,48.0561,48.8846,49.6662,50.4024,51.0941,51.7426,52.349,52.9146,53.4405,53.9279,54.3778,54.7913,55.1693,55.5129,55.8229,56.1001,56.3451,56.5589,56.7418,56.8946,57.0176,57.1114,57.1762,57.2125,57.2202,57.1997,57.1511,57.0743,56.9693,56.8362,56.6745,56.4842,56.265,56.0165,55.7382,55.4297,55.0903,54.7196,54.3167,53.8809,53.4113,52.9071,52.3672,51.7906,51.1761,50.5226,49.8286,49.0931,48.3145,47.4913,46.6221,45.7053,44.7393,43.7225,42.6533,41.5301,40.3512,39.1153,37.8208,36.4665,35.0511,33.5739,32.034,30.431,28.7649,27.0361,25.2452,23.3937,21.4834,19.5169,17.497,15.4277,13.3133,11.1589,8.97001,6.75288,4.51413,2.26076,0
20,21.7458,23.4849,25.2108,26.9172,28.5983,30.2484,31.8627,33.4367,34.9667,36.4494,37.8823,39.2634,40.5911,41.8644,43.083,44.2466,45.3555,46.4101,47.4113,48.36,49.2572,50.1041,50.9022,51.6527,52.357,53.0166,53.6327,54.2067,54.7401,55.2339,55.6895,56.108,56.4905,56.838,57.1516,57.432,57.6801,57.8967,58.0824,58.2378,58.3634,58.4598,58.5272,58.5661,58.5766,58.5589,58.5132,58.4395,58.3377,58.2078,58.0496,57.8628,57.6473,57.4024,57.128,56.8233,56.4879,56.121,55.722,55.2899,54.824,54.3231,53.7864,53.2126,52.6006,51.9489,51.2564,50.5214,49.7425,48.918,48.0464,47.1258,46.1545,45.1307,44.0525,42.918,41.7255,40.4731,39.1592,37.782,36.3403,34.8325,33.2579,31.6156,29.9054,28.1272,26.2818,24.3702,22.3943,20.3565,18.26,16.1088,13.9075,11.6616,9.37733,7.06144,4.72133,2.3648,0
20,21.8412,23.6748,25.4936,27.2905,29.0588,30.7926,32.4863,34.1352,35.7351,37.2829,38.7758,40.2118,41.5896,42.9084,44.1679,45.3682,46.5097,47.5934,48.6202,49.5915,50.5084,51.3727,52.1857,52.9493,53.6648,54.334,54.9584,55.5397,56.0791,56.5782,57.0383,57.4607,57.8466,58.1972,58.5134,58.7963,59.0467,59.2655,59.4532,59.6108,59.7385,59.8371,59.9068,59.9481,59.9612,59.9463,59.9034,59.8328,59.7343,59.6078,59.4532,59.2703,59.0587,58.8181,58.5479,58.2478,57.9169,57.5546,57.1602,56.7328,56.2715,55.7752,55.2427,54.673,54.0647,53.4164,52.7265,51.9937,51.2161,50.3921,49.5197,48.5971,47.6223,46.5933,45.5079,44.3641,43.1597,41.8926,40.5608,39.1623,37.6953,36.1582,34.5495,32.8683,31.1137,29.2857,27.3845,25.4111,23.3671,21.2549,19.0778,16.8399,14.5463,12.2028,9.81626,7.39423,4.94493,2.47714,0
20,21.9441,23.8796,25.7983,27.6923,29.554,31.3768,33.1547,34.8825,36.5558,38.1712,39.7261,41.2184,42.6472,44.0117,45.3119,46.5484,47.7219,48.8335,49.8848,50.8772,51.8125,52.6924,53.5189,54.2938,55.019,55.6963,56.3275,56.9143,57.4585,57.9615,58.4249,58.85,59.2382,59.5907,59.9087,60.1931,60.445,60.6652,60.8545,61.0135,61.1429,61.2433,61.315,61.3584,61.3738,61.3615,61.3215,61.254,61.1588,61.036,60.8853,60.7065,60.4994,60.2633,59.9981,59.7029,59.3773,59.0204,58.6316,58.2097,57.754,57.2633,56.7364,56.172,55.5688,54.9252,54.2398,53.5107,52.7362,51.9144,51.0432,50.1206,49.1444,48.1122,47.0218,45.8707,44.6566,43.3768,42.0291,40.6111,39.1205,37.5553,35.9137,34.1942,32.3956,30.5174,28.5595,26.5226,24.408,22.2182,19.9563,17.6268,15.2349,12.787,10.2907,7.75429,5.18703,2.59881,0
20,22.0555,24.1012,26.1278,28.1263,30.0882,32.006,33.8732,35.6842,37.4344,39.1201,40.7388,42.2888,43.769,45.1792,46.5198,47.7916,48.9959,50.1341,51.2082,52.2201,53.1718,54.0656,54.9036,55.6881,56.4211,57.1047,57.7409,58.3318,58.879,59.3845,59.8497,60.2762,60.6655,61.0188,61.3375,61.6225,61.875,62.0959,62.2859,62.4459,62.5764,62.6781,62.7514,62.7967,62.8143,62.8044,62.7672,62.7028,62.6111,62.4921,62.3455,62.1712,61.9688,61.7379,61.478,61.1886,60.8689,60.5183,60.1358,59.7206,59.2716,58.7877,58.2676,57.7099,57.1133,56.4761,55.7967,55.0732,54.3036,53.4861,52.6182,51.6978,50.7224,49.6895,48.5964,47.4406,46.219,44.929,43.5677,42.1324,40.6203,39.0289,37.3559,35.5992,33.7572,31.8288,29.8135,27.7117,25.5243,23.2535,20.9026,18.476,15.9794,13.4197,10.8052,8.1452,5.45009,2.73109,0
20,22.1766,24.342,26.4855,28.5968,30.6663,32.6859,34.648,36.5468,38.3774,40.1361,41.8204,43.4288,44.9608,46.4164,47.7965,49.1024,50.3359,51.4989,52.5938,53.6231,54.5892,55.4946,56.342,57.1338,57.8726,58.5605,59.1999,59.7929,60.3415,60.8477,61.3132,61.7397,62.1287,62.4817,62.7999,63.0845,63.3367,63.5574,63.7475,63.9077,64.0388,64.1414,64.2159,64.2627,64.2823,64.2747,64.2402,64.1789,64.0908,63.9757,63.8335,63.664,63.4668,63.2415,62.9876,62.7045,62.3916,62.048,61.673,61.2653,60.8242,60.3482,59.8363,59.2868,58.6984,58.0693,57.3977,56.6817,55.9192,55.108,54.2458,53.33,52.358,51.3269,50.234,49.076,47.85,46.5525,45.1805,43.7305,42.1995,40.5842,38.8817,37.0895,35.2052,33.2271,31.1542,28.9862,26.7239,24.369,21.9246,19.3953,16.787,14.1073,11.3652,8.57122,5.73704,2.87546,0
20,22.3088,24.6048,26.8754,29.1089,31.2946,33.423,35.4862,37.4776,39.3922,41.2264,42.9779,44.6454,46.229,47.7292,49.1474,50.4857,51.7463,52.9318,54.0452,55.0893,56.0671,56.9817,57.836,58.6328,59.3748,60.0648,60.7052,61.2983,61.8464,62.3516,62.8158,63.2407,63.628,63.9793,64.2959,64.5791,64.8299,65.0496,65.2389,65.3988,65.5298,65.6328,65.708,65.7561,65.7773,65.7719,65.7401,65.6819,65.5974,65.4864,65.3489,65.1845,64.9929,64.7737,64.5264,64.2504,63.945,63.6093,63.2425,62.8437,62.4115,61.9449,61.4425,60.9028,60.3242,59.705,59.0431,58.3367,57.5835,56.7811,55.927,55.0185,54.0526,53.0263,51.9365,50.7796,49.5522,48.2507,46.8711,45.4098,43.8629,42.2266,40.4974,38.6718,36.7469,34.7203,32.59,30.3552,28.0161,25.5739,23.0315,20.3935,17.6661,14.8573,11.9772,9.03741,6.05138,3.03372,0
20,22.454,24.893,27.3025,29.6689,31.9801,34.2255,36.3962,38.4853,40.4875,42.3995,44.2192,45.9461,47.5805,49.1239,50.5784,51.9466,53.2317,54.437,55.5658,56.6218,57.6084,58.5292,59.3875,60.1864,60.9292,61.6187,62.2578,62.8488,63.3944,63.8966,64.3576,64.7793,65.1635,65.5116,65.8253,66.1059,66.3544,66.5721,66.7599,66.9186,67.0491,67.1518,67.2274,67.2764,67.299,67.2956,67.2663,67.2113,67.1305,67.0238,66.8912,66.7322,66.5467,66.3341,66.094,65.8257,65.5286,65.2017,64.8443,64.4552,64.0334,63.5774,63.0861,62.5577,61.9907,61.3832,60.7332,60.0386,59.297,58.5059,57.6626,56.7642,55.8076,54.7894,53.706,52.5538,51.3288,50.0268,48.6436,47.1747,45.6157,43.962,42.2094,40.3535,38.3905,36.317,34.1303,31.8286,29.4113,26.879,24.2342,21.4812,18.6265,15.6786,12.6487,9.54988,6.39736,3.20803,0
20,22.6141,25.2106,27.7725,30.2841,32.7315,35.1026,37.3878,39.5797,41.6731,43.6649,45.5535,47.3391,49.023,50.6075,52.0955,53.4908,54.7971,56.0185,57.1593,58.2236,59.2156,60.1392,60.9982,61.7963,62.5369,63.2232,63.8583,64.4449,64.9856,65.4829,65.9388,66.3555,66.7349,67.0785,67.388,67.6647,67.9098,68.1246,68.31,68.4668,68.5959,68.698,68.7735,68.823,68.8468,68.8452,68.8184,68.7665,68.6894,68.5872,68.4597,68.3066,68.1275,67.9221,67.6898,67.43,67.1419,66.8248,66.4777,66.0996,65.6893,65.2455,64.7666,64.2513,63.6977,63.104,62.4679,61.7875,61.06,60.283,59.4534,58.5683,57.6242,56.6175,55.5444,54.4008,53.1823,51.8842,50.5017,49.0297,47.4631,45.7965,44.0246,42.1423,40.1446,38.027,35.7857,33.4177,30.9214,28.2966,25.545,22.6707,19.6799,16.5821,13.3892,10.116,6.78014,3.40106,0
20,22.7919,25.5629,28.2929,30.9637,33.559,36.0656,38.4727,40.7726,42.9604,45.0334,46.9908,48.8339,50.565,52.1875,53.7056,55.1239,56.4473,57.6807,58.8293,59.8979,60.8912,61.8137,62.6699,63.4637,64.1989,64.879,65.5074,66.0869,66.6204,67.1104,67.5593,67.9692,68.342,68.6796,68.9834,69.255,69.4957,69.7065,69.8886,70.0428,70.17,70.2707,70.3457,70.3953,70.42,70.42,70.3956,70.3467,70.2736,70.176,70.0539,69.9068,69.7347,69.5369,69.3131,69.0624,68.7843,68.4779,68.1423,67.7763,67.3788,66.9484,66.4838,65.9832,65.4449,64.867,64.2472,63.5833,62.8727,62.1125,61.2999,60.4313,59.5034,58.5121,57.4535,56.3228,55.1154,53.826,52.4493,50.9794,49.4105,47.7363,45.9504,44.0466,42.0186,39.8607,37.5677,35.1351,32.56,29.8409,26.9787,23.9764,20.8406,17.5806,14.2099,10.745,7.20608,3.61609,0
20,22.9906,25.9561,28.8726,31.7186,34.4754,37.128,39.6647,42.0778,44.3626,46.5173,48.5425,50.4407,52.2155,53.872,55.4155,56.8519,58.1874,59.4279,60.5793,61.6474,62.6375,63.5548,64.404,65.1897,65.916,66.5867,67.2052,67.7749,68.2986,68.7791,69.2188,69.6199,69.9845,70.3144,70.6111,70.8764,71.1113,71.3172,71.4951,71.6459,71.7704,71.8693,71.9432,71.9927,72.0179,72.0194,71.9972,71.9515,71.8822,71.7894,71.6729,71.5324,71.3675,71.178,70.9631,70.7224,70.4551,70.1603,69.8371,69.4845,69.1011,68.6858,68.2369,67.7529,67.2318,66.6718,66.0706,65.4259,64.7348,63.9947,63.2022,62.3538,61.4459,60.4743,59.4344,58.3216,57.1303,55.8552,54.49,53.0283,51.4632,49.7877,47.9941,46.0749,44.0226,41.8296,39.4892,36.9951,34.3426,31.5286,28.5523,25.4159,22.1252,18.69,15.1247,11.4479,7.68312,3.8572,0
20,23.2143,26.3982,29.5229,32.5628,35.4962,38.3061,40.9804,43.5112,45.8949,48.1308,50.2214,52.1707,53.9845,55.6693,57.2324,58.681,60.0225,61.2641,62.4127,63.4748,64.4566,65.3638,66.2017,66.9752,67.6887,68.3464,68.952,69.5088,70.0201,70.4886,70.9169,71.3072,71.6617,71.9822,72.2705,72.528,72.7561,72.9559,73.1287,73.2753,73.3965,73.4929,73.5654,73.6141,73.6397,73.6424,73.6223,73.5796,73.5145,73.4266,73.3159,73.1822,73.0252,72.8443,72.6392,72.409,72.1534,71.8711,71.5615,71.2233,70.8555,70.4566,70.0252,69.5595,69.0577,68.5179,67.9377,67.3147,66.6462,65.9292,65.1603,64.3359,63.4522,62.5046,61.4885,60.3986,59.2293,57.9744,56.6272,55.1805,53.6265,51.957,50.1634,48.2365,46.1671,43.946,41.5643,39.0135,36.2867,33.3784,30.2859,27.0097,23.5544,19.9296,16.1508,12.239,8.22125,4.12961,0
20,23.4684,26.8994,30.258,33.5134,36.6403,39.62,42.4395,45.0919,47.5748,49.8898,52.0414,54.0363,55.8824,57.5886,59.1638,60.6172,61.9575,63.1933,64.3326,65.3826,66.3504,67.2422,68.0639,68.8206,69.5173,70.1583,70.7474,71.2884,71.7844,72.2384,72.6529,73.0304,73.3729,73.6824,73.9606,74.209,74.429,74.6219,74.7886,74.9301,75.0472,75.1407,75.2111,75.2589,75.2844,75.2881,75.2701,75.2305,75.1693,75.0866,74.982,74.8555,74.7066,74.535,74.3401,74.1214,73.8781,73.6094,73.3144,72.992,72.641,72.26,71.8476,71.4022,70.9217,70.4043,69.8476,69.2492,68.6062,67.9156,67.1739,66.3775,65.5222,64.6035,63.6163,62.5552,61.414,60.186,58.864,57.44,55.9053,54.2506,52.4659,50.5405,48.4634,46.2232,43.8084,41.2081,38.4122,35.4126,32.2033,28.7825,25.1529,21.3234,17.3099,13.136,8.83326,4.43998,0
20,23.7599,27.4731,31.0963,34.5924,37.9319,41.0939,44.0659,46.8421,49.4226,51.812,54.0182,56.0506,57.9204,59.6387,61.217,62.6663,63.9971,65.2192,66.3416,67.3727,68.3201,69.1908,69.9909,70.7262,71.4017,72.0219,72.5911,73.113,73.5908,74.0276,74.426,74.7885,75.1171,75.4139,75.6805,75.9185,76.1292,76.3139,76.4736,76.6093,76.7217,76.8115,76.8794,76.9258,76.9511,76.9556,76.9395,76.9029,76.8459,76.7683,76.6701,76.551,76.4108,76.2489,76.0649,75.8583,75.6283,75.3741,75.0947,74.7892,74.4564,74.0949,73.7033,73.2798,72.8228,72.33,71.7994,71.2282,70.6138,69.9529,69.2423,68.478,67.6557,66.7709,65.8182,64.7918,63.6853,62.4916,61.2028,59.8102,58.3041,56.6742,54.9091,52.9963,50.9229,48.6748,46.238,43.5982,40.7416,37.6563,34.3323,30.7641,26.9514,22.9012,18.6294,14.162,9.53576,4.79705,0
20,24.0981,28.1369,32.0619,35.8279,39.4007,42.7581,45.8881,48.7879,51.4615,53.9177,56.1686,58.2277,60.1097,61.8289,63.3993,64.8341,66.1455,67.3447,68.4419,69.4465,70.3667,71.2099,71.9828,72.6915,73.3412,73.9367,74.4822,74.9816,75.4383,75.8552,76.2351,76.5804,76.8932,77.1756,77.4291,77.6553,77.8555,78.031,78.1828,78.3118,78.4187,78.5044,78.5693,78.6139,78.6386,78.6437,78.6294,78.5958,78.5429,78.4708,78.3791,78.2679,78.1366,77.985,77.8125,77.6186,77.4027,77.1638,76.9012,76.6138,76.3005,75.96,75.5907,75.1912,74.7595,74.2937,73.7915,73.2505,72.6677,72.0402,71.3643,70.6364,69.8519,69.0062,68.0937,67.1086,66.044,64.8924,63.6454,62.2937,60.8268,59.2332,57.4999,55.6129,53.5569,51.3153,48.8707,46.2049,43.2999,40.1385,36.7057,32.9903,28.9874,24.7005,20.1443,15.3469,10.3507,5.21247,0
20,24.4958,28.9143,33.1865,37.2565,41.0852,44.6495,47.9404,50.9599,53.7177,56.2288,58.5106,60.5821,62.4618,64.1679,65.7172,67.1252,68.406,69.5721,70.635,71.6047,72.4902,73.2993,74.0391,74.7158,75.335,75.9014,76.4195,76.893,77.3255,77.7198,78.0788,78.4048,78.6999,78.9661,79.205,79.418,79.6066,79.7718,79.9147,80.0362,80.1371,80.218,80.2794,80.3219,80.3457,80.3512,80.3386,80.308,80.2594,80.1927,80.1078,80.0046,79.8828,79.7419,79.5815,79.4011,79.2,78.9774,78.7326,78.4644,78.1719,77.8537,77.5085,77.1346,76.7304,76.2938,75.8227,75.3145,74.7665,74.1757,73.5386,72.8512,72.1094,71.3081,70.442,69.5047,68.4896,67.3885,66.1928,64.8925,63.4764,61.9317,60.2444,58.3985,56.3764,54.1588,51.7245,49.0509,46.1147,42.8922,39.3615,35.504,31.3074,26.7692,21.9006,16.7304,11.3078,5.70211,0
20,24.9705,29.8383,34.5131,38.9265,43.0341,46.8144,50.2642,53.3935,56.2208,58.769,61.0631,63.1281,64.9876,66.6638,68.1764,69.5436,70.7811,71.9029,72.9213,73.8472,74.69,75.458,76.1584,76.7977,77.3814,77.9145,78.4012,78.8456,79.2508,79.6199,79.9556,80.2601,80.5356,80.7839,81.0066,81.2052,81.381,81.5349,81.6681,81.7814,81.8755,81.9511,82.0086,82.0485,82.0712,82.077,82.0659,82.0382,81.9938,81.9328,81.8549,81.7601,81.648,81.5183,81.3705,81.2042,81.0187,80.8133,80.5872,80.3394,80.0689,79.7746,79.4549,79.1085,78.7337,78.3285,77.8908,77.4183,76.9082,76.3576,75.763,75.1206,74.4262,73.675,72.8613,71.979,71.021,69.9794,68.8449,67.6072,66.2544,64.7729,63.1474,61.3602,59.3916,57.219,54.8176,52.1597,49.2156,45.9541,42.3441,38.3568,33.9689,29.1682,23.9584,18.3665,12.4479,6.28819,0
20,25.5481,30.9551,36.1013,40.9022,45.3102,49.3097,52.9085,56.1292,59.0028,61.5634,63.8449,65.8796,67.6969,69.323,70.7812,72.0916,73.2718,74.3369,75.3002,76.1728,76.9647,77.6842,78.339,78.9352,79.4785,79.9739,80.4255,80.8372,81.2122,81.5534,81.8634,82.1444,82.3985,82.6273,82.8325,83.0153,83.1771,83.3189,83.4415,83.5458,83.6325,83.7022,83.7554,83.7924,83.8137,83.8194,83.8099,83.785,83.745,83.6897,83.6191,83.5329,83.4309,83.3128,83.1782,83.0266,82.8574,82.6699,82.4635,82.2371,81.9899,81.7206,81.4281,81.1109,80.7673,80.3957,79.9939,79.5597,79.0905,78.5834,78.0352,77.4421,76.8,76.1042,75.3492,74.5288,73.6362,72.663,71.6002,70.4369,69.161,67.7582,66.212,64.5035,62.6106,60.5081,58.1671,55.5546,52.6339,49.3646,45.7041,41.61,37.0435,31.9762,26.3983,20.3295,13.829,7.00277,0
20,26.267,32.3325,38.0348,43.2707,47.9949,52.2059,55.9308,59.2121,62.098,64.6367,66.8734,68.8484,70.5972,72.1503,73.5338,74.7699,75.8776,76.873,77.7696,78.5792,79.3116,79.9754,80.578,81.1256,81.6237,82.077,82.4898,82.8655,83.2074,83.5182,83.8002,84.0558,84.2866,84.4944,84.6806,84.8466,84.9933,85.1219,85.2331,85.3278,85.4065,85.4698,85.5182,85.5521,85.5717,85.5773,85.5691,85.5471,85.5114,85.462,85.3987,85.3214,85.2299,85.1238,85.0028,84.8665,84.7143,84.5456,84.3597,84.1557,83.9328,83.69,83.426,83.1395,82.8291,82.493,82.1294,81.7361,81.3106,80.8504,80.3522,79.8126,79.2276,78.5926,77.9025,77.1511,76.3318,75.4364,74.4558,73.3794,72.1946,70.8869,69.4391,67.8311,66.0393,64.0359,61.7881,59.2578,56.4007,53.1662,49.4979,45.3356,40.6189,35.2947,29.3292,22.7239,15.536,7.89387,0
20,27.1873,34.0733,40.4345,46.1511,51.1928,55.588,59.3967,62.6903,65.5403,68.0122,70.1636,72.0435,73.6933,75.1471,76.4337,77.5767,78.5959,79.5078,80.3262,81.0627,81.7271,82.3279,82.8719,83.3654,83.8136,84.2208,84.5911,84.9277,85.2337,85.5116,85.7636,85.9918,86.1978,86.3831,86.5491,86.697,86.8278,86.9423,87.0414,87.1257,87.1959,87.2524,87.2957,87.326,87.3437,87.349,87.3421,87.3229,87.2916,87.2481,87.1924,87.1242,87.0434,86.9498,86.8429,86.7224,86.5878,86.4385,86.2739,86.0933,85.8958,85.6805,85.4464,85.1922,84.9165,84.6179,84.2946,83.9446,83.5657,83.1553,82.7107,82.2286,81.7052,81.1363,80.5169,79.8415,79.1034,78.295,77.4074,76.4303,75.3512,74.1556,72.8262,71.3425,69.6796,67.8079,65.6917,63.2878,60.5449,57.4015,53.7857,49.6156,44.8017,39.2547,32.8998,25.7012,17.697,9.03675,0
20,28.4087,36.3391,43.4788,49.7065,55.0371,59.5568,63.3778,66.6122,69.3606,71.7082,73.7253,75.4689,76.9852,78.3112,79.4771,80.5072,81.4214,82.236,82.9646,83.6183,84.2065,84.737,85.2165,85.6507,86.0443,86.4016,86.726,87.0206,87.2881,87.5309,87.751,87.95,88.1296,88.2911,88.4358,88.5646,88.6784,88.7782,88.8644,88.9379,88.999,89.0483,89.086,89.1126,89.1282,89.133,89.1272,89.1109,89.084,89.0466,88.9985,88.9397,88.8699,88.789,88.6966,88.5924,88.4759,88.3467,88.2041,88.0477,87.8766,87.69,87.4869,87.2663,87.0269,86.7675,86.4864,86.1819,85.8521,85.4945,85.1067,84.6858,84.2283,83.7303,83.1875,82.5945,81.9452,81.2328,80.4486,79.583,78.6242,77.5581,76.3679,75.0331,73.5288,71.8245,69.8828,67.657,65.0896,62.1092,58.6279,54.5393,49.7175,44.0225,37.314,29.484,20.5142,10.5561,0
20,30.1086,39.3954,47.435,54.1592,59.6922,64.2242,67.9453,71.0201,73.5817,75.7347,77.5604,79.1216,80.4673,81.6355,82.6563,83.5536,84.3465,85.0504,85.6779,86.2394,86.7434,87.1971,87.6064,87.9764,88.3115,88.6152,88.8906,89.1406,89.3674,89.573,89.7593,89.9276,90.0795,90.216,90.3383,90.4471,90.5433,90.6275,90.7003,90.7624,90.814,90.8557,90.8876,90.9101,90.9234,90.9277,90.923,90.9094,90.8869,90.8556,90.8154,90.7661,90.7076,90.6396,90.5621,90.4746,90.3767,90.2682,90.1484,90.0168,89.8729,89.7159,89.5449,89.3591,89.1575,88.9388,88.7017,88.4447,88.1661,87.864,87.536,87.1796,86.7918,86.3693,85.9082,85.4036,84.8504,84.2422,83.5714,82.829,82.0045,81.0847,80.0541,78.8931,77.5779,76.0787,74.3579,72.3678,70.0472,67.3177,64.0776,60.1961,55.5067,49.8038,42.8498,34.4068,24.3196,12.6735,0
20,32.6304,43.6989,52.7065,59.803,65.3483,69.7025,73.1593,75.9412,78.2113,80.0885,81.6599,82.99,84.1269,85.1072,85.9591,86.7045,87.3606,87.9411,88.4573,88.918,89.3307,89.7016,90.0356,90.3373,90.61,90.857,91.0808,91.2838,91.4678,91.6345,91.7854,91.9218,92.0448,92.1553,92.2542,92.3422,92.42,92.4881,92.5471,92.5973,92.639,92.6727,92.6986,92.7169,92.7277,92.7313,92.7276,92.7167,92.6988,92.6736,92.6413,92.6017,92.5546,92.5,92.4375,92.3671,92.2883,92.2009,92.1044,91.9984,91.8823,91.7557,91.6178,91.4679,91.3051,91.1285,90.9369,90.7292,90.5038,90.2592,89.9936,89.7047,89.3902,89.0471,88.6722,88.2616,87.8107,87.3141,86.7656,86.1573,85.4799,84.7223,83.8705,82.9073,81.8111,80.5545,79.1024,77.4089,75.4139,73.0368,70.1687,66.6608,62.3093,56.8364,49.8745,40.9736,29.6839,15.8182,0
20,36.7142,50.0633,59.8892,66.998,72.1957,76.078,79.0484,81.3742,83.2338,84.7481,86.0008,87.0515,87.943,88.7074,89.3685,89.9446,90.4501,90.8963,91.292,91.6446,91.9599,92.2428,92.4973,92.7269,92.9343,93.1219,93.2919,93.4459,93.5854,93.7118,93.8261,93.9294,94.0225,94.1062,94.181,94.2476,94.3064,94.358,94.4025,94.4405,94.4721,94.4976,94.5172,94.5311,94.5393,94.5421,94.5394,94.5313,94.5178,94.4989,94.4745,94.4447,94.4093,94.3681,94.3211,94.268,94.2086,94.1426,94.0699,93.9899,93.9024,93.8068,93.7027,93.5895,93.4665,93.3331,93.1883,93.0312,92.8607,92.6756,92.4744,92.2555,92.017,91.7566,91.4719,91.1597,90.8166,90.4382,90.0195,89.5545,89.0357,88.4541,87.7984,87.0545,86.2047,85.2258,84.0881,82.7516,81.1626,79.2468,76.8994,73.9693,70.2335,65.3578,58.8381,49.9294,37.6243,20.9154,0
20,44.1632,59.9507,69.789,76.1041,80.3584,83.3654,85.5819,87.2735,88.6017,89.6692,90.5438,91.272,91.8864,92.4108,92.8627,93.2554,93.5991,93.9019,94.1699,94.4084,94.6215,94.8124,94.9841,95.1387,95.2784,95.4046,95.5189,95.6224,95.7162,95.8011,95.8779,95.9472,96.0097,96.0658,96.116,96.1607,96.2002,96.2348,96.2647,96.2901,96.3113,96.3285,96.3416,96.3509,96.3565,96.3583,96.3566,96.3512,96.3421,96.3295,96.3133,96.2933,96.2696,96.2421,96.2107,96.1751,96.1354,96.0913,96.0426,95.989,95.9304,95.8664,95.7967,95.7209,95.6385,95.549,95.4519,95.3466,95.2322,95.108,94.9729,94.8259,94.6656,94.4906,94.2991,94.0889,93.8577,93.6025,93.3199,93.0055,92.6543,92.2599,91.8144,91.3078,90.7272,90.0561,89.2726,88.3469,87.2382,85.8885,84.2129,82.0833,79.2975,75.5235,70.1905,62.2815,49.9686,30.219,0
20,59.9877,75.7876,83.2119,87.2711,89.7682,91.4435,92.6404,93.536,94.2302,94.7832,95.2333,95.6063,95.9198,96.1867,96.4161,96.6152,96.7891,96.9421,97.0775,97.1978,97.3051,97.4013,97.4877,97.5656,97.6358,97.6993,97.7567,97.8088,97.8559,97.8985,97.9371,97.9719,98.0033,98.0314,98.0566,98.0791,98.0989,98.1162,98.1312,98.144,98.1546,98.1632,98.1698,98.1745,98.1773,98.1783,98.1774,98.1747,98.1702,98.1638,98.1557,98.1457,98.1339,98.1201,98.1043,98.0865,98.0666,98.0445,98.0201,97.9932,97.9639,97.9318,97.8968,97.8588,97.8175,97.7726,97.7239,97.671,97.6136,97.5513,97.4835,97.4096,97.3291,97.2411,97.1448,97.0391,96.9228,96.7943,96.6519,96.4934,96.3162,96.1169,95.8916,95.6349,95.3402,94.9989,94.5992,94.1252,93.5549,92.856,91.9806,90.8534,89.3497,87.2481,84.119,79.0375,69.7496,49.9921,0
100,100,100,100,100,100,100,100,100,100,100,100,100,100,100,100,100,100,100,100,100,100,100,100,100,100,100,100,100,100,100,100,100,100,100,100,100,100,100,100,100,100,100,100,100,100,100,100,100,100,100,100,100,100,100,100,100,100,100,100,100,100,100,100,100,100,100,100,100,100,100,100,100,100,100,100,100,100,100,100,100,100,100,100,100,100,100,100,100,100,100,100,100,100,100,100,100,100,100,100
